CRG-CAGSPHGNTEAFF,cdr3,TRBV,TRBJ,Patients,Number of cells,% of repertoire ,,
,CAGSPHGNTEAFF,TRBV4-3,TRBJ1-1,IBM5:Blood,1748,,,
,CASRPQGNTEAFF,TRBV4-3,TRBJ1-1,IBM5:Blood,1305,,Patients,Number ofCDR3 clones
,CASRPRGNTEAFF,TRBV4-3,TRBJ1-1,IBM7:Blood,25464,,IBM5,4
,CASSPARNTEAFF,TRBV4-3,TRBJ1-1,IBM5:Blood,443,,IBM7,20
,CASSPHRNTEAFF,TRBV4-3,TRBJ1-1,IBM5:Blood,246,,IBM13 muscle,1
,CASSPPRNTEAFF,TRBV4-3,TRBJ1-1,IBM7:Blood,2,,,
,CASSPQGNAEAFF,TRBV4-3,TRBJ1-1,IBM7:Blood,2,,,
,CASSPQGNTDAFF,TRBV4-3,TRBJ1-1,IBM7:Blood,4,,,
,CASSPQGNTEAFF,TRBV4-3,TRBJ1-1,IBM7:Blood,40,,,
,CASSPQKNTEEFF,TRBV4-3,TRBJ1-1,IBM7:Blood,3,,,
,CASSPQRKTEAVF,TRBV4-3,TRBJ1-1,IBM7:Blood,2,,,
,CASSPQRNAEAFF,TRBV4-3,TRBJ1-1,IBM7:Blood,2,,,
,CASSPQRNTEAFF,TRBV4-3,TRBJ1-1,IBM7:Blood,4,,,
,CASSPRGNAEAFF,TRBV4-3,TRBJ1-1,IBM7:Blood,2,,,
,CASSPRGNTEAFF,TRBV4-3,TRBJ1-1,IBM7:Blood,3,,,
,CASSPRRNTEAFF,TRBV4-3,TRBJ1-1,IBM7:Blood,2,,,
,CASSPSRNTEAFF,TRBV4-3,TRBJ1-1,IBM7:Blood,2,,,
,CASSRQGNTEACF,TRBV4-3,TRBJ1-1,IBM7:Blood,2,,,
,CASSRRGQRNTEAFF,TRBV4-3,TRBJ1-1,IBM7:Blood,2,,,
,CASSTQGNTEAFF,TRBV4-3,TRBJ1-1,IBM7:Blood,2,,,
,CASSTQGNTEDFF,TRBV4-3,TRBJ1-1,IBM7:Blood,2,,,
,CASSTQKNTEAFF,TRBV4-3,TRBJ1-1,IBM7:Blood,4,,,
,CGGSPQGNTEAFF,TRBV4-3,TRBJ1-1,IBM7:Blood,2,,,
,CGSSPQGNTEAFF,TRBV4-3,TRBJ1-1,IBM7:Blood,2,,,
,CGSSPQRNTEEFF,TRBV4-1,TRBJ1-1,IBM13:Muscle,481,,,
,,,,,,,,
CRG-CASNFSPARGSSETQYF,CASNFSPARGSSETQYF,TRBV12-3,TRBJ2-5,IBM6:Blood,9970,,Patients,Number of CDR3 clones
,CASNFSPTRGSSETQYF,TRBV12-3,TRBJ2-5,IBM7:Blood,113,,IBM6,1
,CASNFSTARGSSETQYF,TRBV12-3,TRBJ2-5,IBM7:Blood,101,,IBM7,4
,CASNVSPARGSSETQYF,TRBV12-3,TRBJ2-5,IBM7:Blood,2,,IBM11,1
,CASNVSPARGSAETQYF,TRBV12-3,TRBJ2-5,IBM7:Blood,2,,,
,CASSLSLAGAHNFSTDTQYF,TRBV12-3,TRBJ2-3,IBM11:Blood,203,,,
,,,,,,,,
CRG-CASSAVPGETQYF,CATSLQGAPGETQYF,TRBV15,TRBJ2-5,IBM7:Blood,8190,,Patients,Number of CDR3 clones
,CATSRQGAPGETQYF,TRBV15,TRBJ2-5,IBM7:Blood,15,,IBM1,1
,CATSLRGAPGETQYF,TRBV15,TRBJ2-5,IBM7:Blood,3,,IBM7,18
,CATSLKGAPGETQYF,TRBV15,TRBJ2-5,IBM7:Blood,2,,IBM8,4
,CATSLQGAPGGTQYF,TRBV15,TRBJ2-5,IBM7:Blood,2,,IBM11,1
,CATSLQGAQGETQYF,TRBV15,TRBJ2-5,IBM7:Blood,2,,IBM12,2
,CATSLQGAPGETKYF,TRBV15,TRBJ2-5,IBM7:Blood,4,,IBM14 Muscle,1
,CATSMQGAPGETQYF,TRBV15,TRBJ2-5,IBM7:Blood,2,,,
,CATRLQGAPGETQYF,TRBV15,TRBJ2-5,IBM7:Blood,2,,,
,CATRLQGAPGETKYF,TRBV15,TRBJ2-5,IBM7:Blood,2,,,
,CATSRQGAAGETQYF,TRBV15,TRBJ2-5,IBM7:Blood,12,,,
,CATSRQGGPGETQYF,TRBV15,TRBJ2-5,IBM7:Blood,2,,,
,CATGLRGAPGETQYF,TRBV15,TRBJ2-5,IBM7:Blood,2,,,
,CATSLRGAAGETQYF,TRBV15,TRBJ2-5,IBM7:Blood,2,,,
,CATSLRGGPGETQYF,TRBV15,TRBJ2-5,IBM7:Blood,2,,,
,CATSLQGAAGGTQCF,TRBV15,TRBJ2-5,IBM7:Blood,2,,,
,CATRLQGAPGGTKYF,TRBV15,TRBJ2-5,IBM7:Blood,2,,,
,CAWRRPGETQYF,TRBV30,TRBJ2-5,IBM8:Blood,5627,,,
,CSWRRPGGTQYF,TRBV30,TRBJ2-5,IBM8:Blood,1,,,
,CSWRRPGKTQYF,TRBV30,TRBJ2-5,IBM8:Blood,1,,,
,CATSDVRDVPGETQYF,TRBV24-1,TRBJ2-5,IBM1:Blood,77,,,
,CASSLSGTSVPGELFF,TRBV7-7,TRBJ2-2,IBM11:Blood,101,,,
,CASSMGVPGEQYF,TRBV19,TRBJ2-7,IBM12:Blood,358,,,
,CASSAVPGETQYF,TRBV2,TRBJ2-5,IBM12:Blood,238,,,
,CAWGWPGETQYF,TRBV30,TRBJ2-5,IBM8:Blood,8,,,
,CATSLQGAAGEAQYF,TRBV15,TRBJ2-5,IBM7:Blood,2,,,
,CASTKQAGAPGELFF,TRBV5-1,TRBJ2-2,IBM14:Muscle,21,,,
,,,,,,,,
CRG-CAWLVPRDYTGELFF,CSADRDYTQETQYF,TRBV20-1,TRBJ2-5,IBM8:Blood,6595,,Patients,Number of CDR3 clones
,CRAERDYTQETQDF,TRBV20-1,TRBJ2-5,IBM8:Blood,2,,IBM8,4
,CSASRDYTQEAQYF,TRBV20-1,TRBJ2-5,IBM8:Blood,2,,IBM14 Muscle,1
,CSAGRDYTEETQYF,TRBV20-1,TRBJ2-5,IBM8:Blood,3,,,
,CAWLVPRDYTGELFF,TRBV30,TRBJ2-2,IBM14:Muscle,695,,,
