cluster_size,tag,total.score,network.size.score,cdr3.length.score,vgene.score,members
25,CRG-CAGSPHGNTEAFF,3.30E-12,5.20E-05,0.001,0.001,CAGSPHGNTEAFF CASRPQGNTEAFF CASRPRGNTEAFF CASSPARNTEAFF CASSPHRNTEAFF CASSPPRNTEAFF CASSPQGNAEAFF CASSPQGNTDAFF CASSPQGNTEAFF CASSPQKNTEEFF CASSPQRKTEAVF CASSPQRNAEAFF CASSPQRNTEAFF CASSPRGNAEAFF CASSPRGNTEAFF CASSPRRNTEAFF CASSPSRNTEAFF CASSRQGNTEACF CASSRRGQRNTEAFF CASSTQGNTEAFF CASSTQGNTEDFF CASSTQKNTEAFF CGGSPQGNTEAFF CGSSPQGNTEAFF CGSSPQRNTEEFF
6,CRG-CASNFSPARGSSETQYF,2.00E-09,1.20E-03,0.026,0.001,CASNFSPARGSSETQYF CASNFSPTRGSSETQYF CASNFSTARGSSETQYF CASNVSPARGSAETQYF CASNVSPARGSSETQYF CASSLSLAGAHNFSTDTQYF
27,CRG-CASSAVPGETQYF,3.30E-09,2.60E-05,0.002,1,CASSAVPGETQYF CASSLSGTSVPGELFF CASSMGVPGEQYF CASTKQAGAPGELFF CATGLRGAPGETQYF CATRLQGAPGETKYF CATRLQGAPGETQYF CATRLQGAPGGTKYF CATSDVRDVPGETQYF CATSLKGAPGETQYF CATSLQGAAGEAQYF CATSLQGAAGGTQCF CATSLQGAPGETKYF CATSLQGAPGETQYF CATSLQGAPGGTQYF CATSLQGAQGETQYF CATSLRGAAGETQYF CATSLRGAPGETQYF CATSLRGGPGETQYF CATSMQGAPGETQYF CATSRQGAAGETQYF CATSRQGAPGETQYF CATSRQGGPGETQYF CAWGWPGETQYF CAWRRPGETQYF CSWRRPGGTQYF CSWRRPGKTQYF
5,CRG-CAWLVPRDYTGELFF,7.20E-08,1.50E-03,0.077,0.01,CAWLVPRDYTGELFF CRAERDYTQETQDF CSADRDYTQETQYF CSAGRDYTEETQYF CSASRDYTQEAQYF
3,CRG-CASGPTRGDEQFF,1.20E-07,6.20E-03,0.034,0.009,CASGPTRGDEQFF CASGPTRGDEQYF CASSLGPTRDYTF
3,CRG-CARSLDGLYNQPQNF,1.20E-07,6.20E-03,0.028,0.011,CARSLDGLYNQPQNF CASSLAGLYKQPKNF CASSLAGLYNQPQHF
3,CRG-CASSHSGQTNYGYTF,2.30E-07,6.20E-03,0.041,0.014,CASSHSGQTNYGYTF CSCSHSVQTNYDYTF CSPSHSGQTNYGYTF
4,CRG-CASSGGGSYEQYF,3.10E-07,2.30E-03,0.006,0.35,CASSGGGSYEQYF CASSLGDSYEQYF CASSLGGSYEQYF CASSLGHSYEQYF
4,CRG-CASSQGDYEQYF,4.70E-07,2.30E-03,0.006,0.52,CASSQGDYEQYF CASSQGGFEQFF CASSQGGYEQYF CATSTGGYEQYF
2,CRG-CASSKENTGELFF,6.60E-07,2.90E-02,0.18,0.002,CASSKENTGELFF CASSRENTGELFF
4,CRG-CASSAALAPRETKNIQYF,1.10E-06,2.30E-03,0.2,0.038,CASSAALAPRETKNIQYF CASSHLAPRNTEAFF CASSLLAPRGETQYF CGSSLRAPRGETQYF
5,CRG-CASSGGYSSYNEQFF,2.00E-06,1.50E-03,0.044,0.48,CASSGGYSSYNEQFF CASSLGYSGEYNEQFF CASSLGYSSYNEQFF CASSLGYSYNSPLHF CSVEAVLGYSPNEQFF
2,CRG-CASTSQGDEQFF,2.50E-06,2.90E-02,0.17,0.008,CASTSQGDEQFF CASTSQGNEQFF
4,CRG-CASSIGGFSGLNSYEQYF,2.50E-06,2.30E-03,0.16,0.1,CASSIGGFSGLNSYEQYF CASSIGLNSYNEQFF CASSLGLNSGNTIYF CASSLGLSSGNTIYF
3,CRG-CASSLAGTYNEQFF,2.60E-06,6.20E-03,0.036,0.18,CASSLAGTYNEQFF CASSLAGVYNEQFF CASSLRGTYNEQFF
2,CRG-CASRDSNKPQYF,3.00E-06,2.90E-02,0.16,0.01,CASRDSNKPQYF CASRDSNQPQHF
3,CRG-CASSLKREEGYEQYF,8.20E-06,6.20E-03,0.46,0.045,CASSLKREEGYEQYF CASSLKRGDTQYF CASSLKRGEGYEQYF
3,CRG-CASSLFWTSESSYNEQFF,8.50E-06,6.20E-03,0.45,0.047,CASSLFWTSESSYNEQFF CASSLGTSESYEQYF CASSQGTSESYEQYF
5,CRG-CAISDPLGSDYYEQYF,9.40E-06,1.50E-03,0.87,0.12,CAISDPLGSDYYEQYF CASSDPLAGGGGNEQFF CATSDPLDGAGQFF CATSDPLGPSLTGELFF CATSDPLTASYEQYF
2,CRG-CASSLGTGELFF,1.80E-05,2.90E-02,0.17,0.057,CASSLGTGELFF CASSLSTGELFF
2,CRG-CASSESGSGYEQYF,2.00E-05,2.90E-02,0.18,0.059,CASSESGSGYEQYF CASSESGTGYEQYF
2,CRG-CSARDPRRGGNTEAFF,2.00E-05,2.90E-02,0.16,0.067,CSARDPRRGGNTEAFF CSARDPRRRGNTEAFF
2,CRG-CATSLQGGPGENQYF,2.20E-05,2.90E-02,0.16,0.074,CATSLQGGPGENQYF CATSLQGGQGENQYF
2,CRG-CASSRLAAGTDTQYF,2.20E-05,2.90E-02,0.16,0.074,CASSRLAAGTDTQYF CASSRLAGGTDTQYF
2,CRG-CASSIVGGRYGYTF,2.30E-05,2.90E-02,0.17,0.075,CASSIVGGRYGYTF CASSLVGGRYGYTF
2,CRG-CASSPTMSGDQPQHF,2.30E-05,2.90E-02,0.16,0.076,CASSPTMSGDQPQHF CASSPTSSGDQPQHF
2,CRG-CSAHSGTSAYEQYF,2.40E-05,2.90E-02,0.18,0.071,CSAHSGTSAYEQYF CSAYSGTSAYEQYF
2,CRG-CASSLAPGATNEKLFF,2.40E-05,2.90E-02,0.17,0.074,CASSLAPGATNEKLFF CASSLAPGSTNEKLFF
2,CRG-CSARPDTRYTF,2.50E-05,2.90E-02,0.19,0.071,CSARPDTRYTF CSARPGTRYTF
2,CRG-CATSRVGVAGRSDTQHF,2.60E-05,2.90E-02,0.19,0.074,CATSRVGVAGRSDTQHF CATSRVGVAGRSDTQYF
4,CRG-CASSPIAESYNEQFF,2.60E-05,2.30E-03,0.18,1,CASSPIAESYNEQFF CASSPIAGESTDTQYF CASSPIAGGGDTQYF CASSPIAGGRNEQFF
5,CRG-CASSFRRSNTEAFF,2.70E-05,1.50E-03,0.29,1,CASSFRRSNTEAFF CASSLFRGTGELFF CASSLFRPSINLLFF CASSLFRRSNTEAFF CASSRGQGRRSNQPQHF
2,CRG-CAWSVPRTAKETQHF,2.80E-05,2.90E-02,0.18,0.084,CAWSVPRTAKETQHF CAWSVPRTAKETQYF
2,CRG-CASRLEGGREAFF,2.90E-05,2.90E-02,0.18,0.083,CASRLEGGREAFF CASRLEGRREQFF
2,CRG-CASRDGRGVGANVLNF,2.90E-05,2.90E-02,0.2,0.075,CASRDGRGVGANVLNF CASRDGRGVGANVLTF
4,CRG-CASGGTSENRGTQYF,3.30E-05,2.30E-03,0.7,0.31,CASGGTSENRGTQYF CASSYSENRDEQFF CASSYSENRDEQYF CASSYSERNEQFF
2,CRG-CASSLGQAYEQYF,7.00E-05,2.90E-02,0.17,0.22,CASSLGQAYEQYF CASSSGQAYEQYF
2,CRG-CASSPGAGSYNEQFF,2.80E-04,2.90E-02,0.15,1,CASSPGAGSYNEQFF CSASPLAGSYNEQFF
2,CRG-CASSLGGGNNEQFF,2.80E-04,2.90E-02,0.15,1,CASSLGGGNNEQFF CASSLGTGNNEQFF
2,CRG-CASSLLGPGEQYF,2.90E-04,2.90E-02,0.16,1,CASSLLGPGEQYF CASSLSGPGELFF
2,CRG-CASSLGGGETQYF,3.00E-04,2.90E-02,0.16,1,CASSLGGGETQYF CASSLGVGETQYF
2,CRG-CASSQGSGNQPQHF,3.10E-04,2.90E-02,0.17,1,CASSQGSGNQPQHF CASSQGWGNQPQHF
2,CRG-CASSGGTGGYNEQFF,3.10E-04,2.90E-02,0.17,1,CASSGGTGGYNEQFF CASSSGTGGYNEQFF
2,CRG-CAIRRGLAVNTGELFF,3.10E-04,2.90E-02,0.16,1,CAIRRGLAVNTGELFF CASRKGLAVNTGELFF
2,CRG-CASSYTRGGEQYF,3.10E-04,2.90E-02,0.17,1,CASSYTRGGEQYF CAWSKTRGGEQFF
2,CRG-CASSFLSGANVLTF,3.20E-04,2.90E-02,0.17,1,CASSFLSGANVLTF CASSVLSGANVLTF
2,CRG-CASSLGSQETQYF,3.20E-04,2.90E-02,0.17,1,CASSLGSQETQYF CASSLWSQETQYF
2,CRG-CASSQDSYEQYF,3.20E-04,2.90E-02,0.17,1,CASSQDSYEQYF CASSTDSYEQYF
2,CRG-CASSQDRGRYGYTF,3.30E-04,2.90E-02,0.18,1,CASSQDRGRYGYTF CASSQERGRYGYTF
2,CRG-CASSRGLAAYNEQFF,3.30E-04,2.90E-02,0.18,1,CASSRGLAAYNEQFF CASSRGLAEYNEQFF
2,CRG-CASSQGNEQFF,3.40E-04,2.90E-02,0.18,1,CASSQGNEQFF CSASQGNEQFF
3,CRG-CAISESRVTLTDTQYF,4.00E-04,6.20E-03,1,1,CAISESRVTLTDTQYF CASSDWAGGISRVTGELFF CASSSRVTYEYEQYF
3,CRG-CARYREHNEQFF,4.00E-04,6.20E-03,1,1,CARYREHNEQFF CASSIGPLEHNEQFF CSARGLAEHNEQFF
