CDR3b,gene,species,antigen.epitope,antigen.gene,antigen.species,complex.id,v.segm,j.segm,v.end,j.start,mhc.a,mhc.b,mhc.class,reference.id,vdjdb.score,Species,Chain,Pathology,TRBV,TRBJ,ID type,count,index,pattern,,Fisher_score,number_subject,number_unique_cdr3,final_score,hla_score,vb_score,expansion_score,length_score,cluster_size_score,type,ulTcRb,V,J,Sample,Freq,HLA.A,HLA.B,HLA.C,HLA.DPA1,HLA.DPB1,HLA.DQA1,HLA.DQB1,HLA.DRB1,HLA.DRB3,HLA.DRB4,HLA.DRB5
CASSLGGSYEQYF,TRB,HomoSapiens,LLLGIGILV,BST2,HomoSapiens,0,TRBV4-1,TRBJ2-7,4,7,HLA-A*02,B2M,MHCI,https://github.com/antigenomics/vdjdb-db/issues/193,0,HomoSapiens,TRB,HomoSapiens,TRBV11-2,TRBJ2-7,IBM10:Blood,7,168,S%GGSYE,,0.0075,2,2,8.20E-08,0.091,0.064,0.49,0.001,0.029,global-S%GGSYE,CASSLGGSYEQYF,TRBV11-2,TRBJ2-7,IBM10:Blood,7,A*01:01:01/A*02:01:01,B*08:01:01/B*15:01:01,C*03:03:01/C*07:01:01,-,DPB1*04:01:01/DPB1*04:02:01,DQA1*01:03:01/DQA1*05:01:01,DQB1*02:01:01/DQB1*06:03:01!,DRB1*03:01:01/DRB1*13:01:01,DRB3*01:01:02/DRB3*02:02:01,-,-
CASSLAPGSTNEKLFF,TRB,HomoSapiens,NLVPMVATV,pp65,CMV,0,TRBV7-6,TRBJ1-4,5,10,HLA-A*02:01,B2M,MHCI,PMID:19017975,0,HomoSapiens,TRB,CMV,TRBV7-6,TRBJ1-4,IBM10:Blood,8,135,SLAPG%TNEK,,2.50E-05,2,2,7.10E-10,0.045,0.001,0.54,0.001,0.029,global-SLAPG%TNEK,CASSLapgsTNEKLFF,TRBV7-6,TRBJ1-4,IBM10:Blood,8,A*01:01:01/A*02:01:01,B*08:01:01/B*15:01:01,C*03:03:01/C*07:01:01,-,DPB1*04:01:01/DPB1*04:02:01,DQA1*01:03:01/DQA1*05:01:01,DQB1*02:01:01/DQB1*06:03:01!,DRB1*03:01:01/DRB1*13:01:01!,DRB3*01:01:02/DRB3*02:02:01,-,-
CASSLGGSYEQYF,TRB,HomoSapiens,LLLGIGILV,BST2,HomoSapiens,0,TRBV4-1,TRBJ2-7,4,7,HLA-A*02,B2M,MHCI,https://github.com/antigenomics/vdjdb-db/issues/193,0,HomoSapiens,TRB,HomoSapiens,TRBV11-2,TRBJ2-7,IBM10:Blood,7,162,SLG%SYE,,0.0012,3,3,2.10E-10,0.13,0.003,0.089,0.001,0.0062,global-SLG%SYE,CASSLGGSYEQYF,TRBV11-2,TRBJ2-7,IBM10:Blood,7,A*01:01:01/A*02:01:01,B*08:01:01/B*15:01:01,C*03:03:01/C*07:01:01,-,DPB1*04:01:01/DPB1*04:02:01,DQA1*01:03:01/DQA1*05:01:01,DQB1*02:01:01/DQB1*06:03:01,DRB1*03:01:01/DRB1*13:01:01,DRB3*01:01:02/DRB3*02:02:01,-,-
CASSLEGQASSYEQYF,TRB,HomoSapiens,GLCTLVAML,BMLF1,EBV,0,TRBV5-1,TRBJ2-7,5,10,HLA-A*02,B2M,MHCI,https://github.com/antigenomics/vdjdb-db/issues/288,0,HomoSapiens,TRB,EBV,TRBV5-1,TRBJ2-7,IBM11:Blood,98,760,single,,1,1,1,1.10E-07,1,0.001,0.11,0.001,0.95,global-SLEGQASSYE,CASSLeGQasSYEQYF,TRBV5-1,TRBJ2-7,IBM11:Blood,98,A*02:01:01/A*02:01:01,B*44:02:01/B*51:01:01,C*05:01:01/C*14:02:01,-,DPB1*02:01:02/DPB1*04:02:01,DQA1*01:01:01/DQA1*01:03:01,DQB1*05:01:01/DQB1*06:03:01,DRB1*01:01:01/DRB1*13:01:01,DRB3*02:02:01,-,-
CASSLEGQASSYEQYF,TRB,HomoSapiens,GLCTLVAML,BMLF1,EBV,0,TRBV5-1,TRBJ2-7,5,10,HLA-A*02,B2M,MHCI,https://github.com/antigenomics/vdjdb-db/issues/288,0,HomoSapiens,TRB,EBV,TRBV5-1,TRBJ2-7,IBM11:Blood,98,760,single,,1,1,1,1.10E-07,1,0.001,0.11,0.001,0.95,global-SLEGQASSYE,CASSLeGQasSYEQYF,TRBV5-1,TRBJ2-7,IBM11:Blood,2035,A*02:01:01/A*02:01:01,B*44:02:01/B*51:01:01,C*05:01:01/C*14:02:01,-,DPB1*02:01:02/DPB1*04:02:01,DQA1*01:01:01/DQA1*01:03:01,DQB1*05:01:01/DQB1*06:03:01,DRB1*01:01:01/DRB1*13:01:01,DRB3*02:02:01,-,-
CASSLEGQASSYEQYF,TRB,HomoSapiens,GLCTLVAML,BMLF1,EBV,0,TRBV5-1,TRBJ2-7,5,10,HLA-A*02,B2M,MHCI,https://github.com/antigenomics/vdjdb-db/issues/288,0,HomoSapiens,TRB,EBV,TRBV5-1,TRBJ2-7,IBM11:Blood,2035,760,single,,1,1,1,1.10E-07,1,0.001,0.11,0.001,0.95,global-SLEGQASSYE,CASSLeGQasSYEQYF,TRBV5-1,TRBJ2-7,IBM11:Blood,98,A*02:01:01/A*02:01:01,B*44:02:01/B*51:01:01,C*05:01:01/C*14:02:01,-,DPB1*02:01:02/DPB1*04:02:01,DQA1*01:01:01/DQA1*01:03:01,DQB1*05:01:01/DQB1*06:03:01,DRB1*01:01:01/DRB1*13:01:01,DRB3*02:02:01,-,-
CASSLEGQASSYEQYF,TRB,HomoSapiens,GLCTLVAML,BMLF1,EBV,0,TRBV5-1,TRBJ2-7,5,10,HLA-A*02,B2M,MHCI,https://github.com/antigenomics/vdjdb-db/issues/288,0,HomoSapiens,TRB,EBV,TRBV5-1,TRBJ2-7,IBM11:Blood,2035,760,single,,1,1,1,1.10E-07,1,0.001,0.11,0.001,0.95,global-SLEGQASSYE,CASSLeGQasSYEQYF,TRBV5-1,TRBJ2-7,IBM11:Blood,2035,A*02:01:01/A*02:01:01,B*44:02:01/B*51:01:01,C*05:01:01/C*14:02:01,-,DPB1*02:01:02/DPB1*04:02:01,DQA1*01:01:01/DQA1*01:03:01,DQB1*05:01:01/DQB1*06:03:01,DRB1*01:01:01/DRB1*13:01:01,DRB3*02:02:01,-,-
CASSLGGGNNEQFF,TRB,HomoSapiens,KLGGALQAK,IE1,CMV,7.91E+19,TRBV5-4,TRBJ2-1,5,9,HLA-A*03:01,B2M,MHCI,https://www.10xgenomics.com/resources/application-notes/a-new-way-of-exploring-immunity-linking-highly-multiplexed-antigen-recognition-to-immune-repertoire-and-phenotype/#,0,HomoSapiens,TRB,CMV,TRBV5-4,TRBJ2-1,IBM11:Blood,154,157,SLG%GNNE,,0.00037,2,2,1.10E-08,0.015,0.04,0.63,0.001,0.029,global-SLG%GNNE,CASSLGGgnNEQFF,TRBV5-4,TRBJ2-1,IBM11:Blood,154,A*02:01:01/A*02:01:01,B*44:02:01!/B*51:01:01,C*05:01:01!/C*14:02:01,-,DPB1*02:01:02!/DPB1*04:02:01,DQA1*01:01:01/DQA1*01:03:01,DQB1*05:01:01/DQB1*06:03:01,DRB1*01:01:01/DRB1*13:01:01,DRB3*02:02:01,-,-
CASSLGGGNNEQFF,TRB,HomoSapiens,AVFDRKSDAK,EBNA4,EBV,50038338,TRBV5-4,TRBJ2-1,5,9,HLA-A*11:01,B2M,MHCI,https://www.10xgenomics.com/resources/application-notes/a-new-way-of-exploring-immunity-linking-highly-multiplexed-antigen-recognition-to-immune-repertoire-and-phenotype/#,0,HomoSapiens,TRB,EBV,TRBV5-4,TRBJ2-1,IBM11:Blood,154,157,SLG%GNNE,,0.00037,2,2,1.10E-08,0.015,0.04,0.63,0.001,0.029,global-SLG%GNNE,CASSLGGgnNEQFF,TRBV5-4,TRBJ2-1,IBM11:Blood,154,A*02:01:01/A*02:01:01,B*44:02:01!/B*51:01:01,C*05:01:01!/C*14:02:01,-,DPB1*02:01:02!/DPB1*04:02:01,DQA1*01:01:01/DQA1*01:03:01,DQB1*05:01:01/DQB1*06:03:01,DRB1*01:01:01/DRB1*13:01:01,DRB3*02:02:01,-,-
CASSLGGGNNEQFF,TRB,HomoSapiens,RAKFKQLL,BZLF1,EBV,71927095,TRBV5-4,TRBJ2-1,5,9,HLA-B*08:01,B2M,MHCI,https://www.10xgenomics.com/resources/application-notes/a-new-way-of-exploring-immunity-linking-highly-multiplexed-antigen-recognition-to-immune-repertoire-and-phenotype/#,0,HomoSapiens,TRB,EBV,TRBV5-4,TRBJ2-1,IBM11:Blood,154,157,SLG%GNNE,,0.00037,2,2,1.10E-08,0.015,0.04,0.63,0.001,0.029,global-SLG%GNNE,CASSLGGgnNEQFF,TRBV5-4,TRBJ2-1,IBM11:Blood,154,A*02:01:01/A*02:01:01,B*44:02:01!/B*51:01:01,C*05:01:01!/C*14:02:01,-,DPB1*02:01:02!/DPB1*04:02:01,DQA1*01:01:01/DQA1*01:03:01,DQB1*05:01:01/DQB1*06:03:01,DRB1*01:01:01/DRB1*13:01:01,DRB3*02:02:01,-,-
CASSPGWGNTEAFF,TRB,HomoSapiens,RLRPGGKKK,Gag,HIV-1,0,TRBV5-6,TRBJ1-1,4,9,HLA-A*03:01,B2M,MHCI,PMID:17893201,1,HomoSapiens,TRB,HIV-1,TRBV4-3,TRBJ1-1,IBM11:Blood,112,436,single,,1,2,1,7.00E-08,0.091,0.001,0.81,0.001,0.95,global-SPGWGNTE,CASSPgwgNTEAFF,TRBV4-3,TRBJ1-1,IBM8:Blood,2,A*02:01:01/A*03:01:01,B*07:02:01/B*14:02:01,C*08:02:01/C*14:02:01!,-,DPB1*04:01:01/DPB1*04:02:01,DQA1*01:01:01/DQA1*01:01:01,DQB1*05:01:01/DQB1*05:01:01,DRB1*01:01:01/DRB1*01:01:01,-,-,-
CASSPGWGNTEAFF,TRB,HomoSapiens,RLRPGGKKK,Gag,HIV-1,0,TRBV5-6,TRBJ1-1,4,9,HLA-A*03:01,B2M,MHCI,PMID:17893201,1,HomoSapiens,TRB,HIV-1,TRBV4-3,TRBJ1-1,IBM11:Blood,112,436,single,,1,2,1,7.00E-08,0.091,0.001,0.81,0.001,0.95,global-SPGWGNTE,CASSPgwgNTEAFF,TRBV4-3,TRBJ1-1,IBM11:Blood,112,A*02:01:01/A*02:01:01,B*44:02:01/B*51:01:01,C*05:01:01/C*14:02:01!,-,DPB1*02:01:02/DPB1*04:02:01,DQA1*01:01:01/DQA1*01:03:01,DQB1*05:01:01/DQB1*06:03:01,DRB1*01:01:01/DRB1*13:01:01,DRB3*02:02:01,-,-
CASSSGQAYEQYF,TRB,HomoSapiens,FLRGRAYGL,EBNA3A,EBV,2429824301,"TRBV7-8,TRBV6S3","TRBJ2-7,TRBJ2S7",4,-1,HLA-B*08:01,B2M,MHCI,"PMID:23267020,PMID:9862375,PMID:24512815",3,HomoSapiens,TRB,EBV,TRBV12-4,TRBJ2-7,IBM12:Blood,68,169,S%GQAYE,,0.0092,2,2,3.50E-09,0.23,0.005,0.11,0.001,0.029,global-S%GQAYE,CASSSGQaYEQYF,TRBV12-4,TRBJ2-7,IBM12:Blood,68,A*01:01:01/A*02:01:01,B*08:01:01/B*35:01:01,C*04:01:01/C*07:01:01,-,DPB1*01:01:01/DPB1*13:01:01,DQA1*05:01:01/DQA1*05:01:01,DQB1*02:01:01/DQB1*03:01:01,DRB1*03:01:01/DRB1*11:04:01,DRB3*01:01:02/DRB3*02:02:01,-,-
CASSLGQAYEQYF,TRB,HomoSapiens,FLRGRAYGL,EBNA3A,EBV,2.43E+22,"TRBV7-8,TRBV7-8*01,TRBV6S3","TRBJ2-7*01,TRBJ2-3*01,TRBJ2-7,TRBJ2S7",5,-1,"HLA-B*08:01,HLA-B*08:01:29",B2M,MHCI,"PMID:23267020,PMID:9862375,PMID:12530975,PMID:16326979,PMID:21555537,PMID:24512815",3,HomoSapiens,TRB,EBV,TRBV7-8,TRBJ2-7,IBM12:Muscle,607,169,S%GQAYE,,0.0092,2,2,3.50E-09,0.23,0.005,0.11,0.001,0.029,global-S%GQAYE,CASSLGQaYEQYF,TRBV7-8,TRBJ2-7,IBM12:Muscle,607,A*01:01:01/A*02:01:01,B*08:01:01/B*35:01:01,C*04:01:01/C*07:01:01,-,DPB1*01:01:01/DPB1*13:01:01,DQA1*05:01:01/DQA1*05:01:01,DQB1*02:01:01/DQB1*03:01:01,DRB1*03:01:01/DRB1*11:04:01,DRB3*01:01:02/DRB3*02:02:01,-,-
CASSLGQAYEQYF,TRB,HomoSapiens,FLRGRAYGL,EBNA3A,EBV,2.43E+22,"TRBV7-8,TRBV7-8*01,TRBV6S3","TRBJ2-7*01,TRBJ2-3*01,TRBJ2-7,TRBJ2S7",5,-1,"HLA-B*08:01,HLA-B*08:01:29",B2M,MHCI,"PMID:23267020,PMID:9862375,PMID:12530975,PMID:16326979,PMID:21555537,PMID:24512815",3,HomoSapiens,TRB,EBV,TRBV7-8,TRBJ2-7,IBM12:Muscle,607,169,S%GQAYE,,0.0092,2,2,3.50E-09,0.23,0.005,0.11,0.001,0.029,global-S%GQAYE,CASSLGQaYEQYF,TRBV7-8,TRBJ2-7,IBM2:Blood,2641,A*01:01:01/A*03:01:01,B*08:01:01/B*27:05:02,C*01:02:01/C*07:01:01,-,DPB1*04:01:01/DPB1*10:01:01,DQA1*01:01:01/DQA1*05:01:01,DQB1*02:01:01/DQB1*05:01:01,DRB1*01:01:01/DRB1*03:01:01,DRB3*01:01:02,-,-
CASSLGQAYEQYF,TRB,HomoSapiens,EEYLKAWTF,MLANA,HomoSapiens,169,TRBV7-8*01,TRBJ2-3*01,5,10,HLA-B*44:05:01,B2M,MHCI,PMID:20064448,3,HomoSapiens,TRB,HomoSapiens,TRBV7-8,TRBJ2-7,IBM12:Muscle,607,169,S%GQAYE,,0.0092,2,2,3.50E-09,0.23,0.005,0.11,0.001,0.029,global-S%GQAYE,CASSLGQaYEQYF,TRBV7-8,TRBJ2-7,IBM12:Muscle,607,A*01:01:01/A*02:01:01,B*08:01:01/B*35:01:01,C*04:01:01/C*07:01:01,-,DPB1*01:01:01/DPB1*13:01:01,DQA1*05:01:01/DQA1*05:01:01,DQB1*02:01:01/DQB1*03:01:01,DRB1*03:01:01/DRB1*11:04:01,DRB3*01:01:02/DRB3*02:02:01,-,-
CASSLGQAYEQYF,TRB,HomoSapiens,EEYLKAWTF,MLANA,HomoSapiens,169,TRBV7-8*01,TRBJ2-3*01,5,10,HLA-B*44:05:01,B2M,MHCI,PMID:20064448,3,HomoSapiens,TRB,HomoSapiens,TRBV7-8,TRBJ2-7,IBM12:Muscle,607,169,S%GQAYE,,0.0092,2,2,3.50E-09,0.23,0.005,0.11,0.001,0.029,global-S%GQAYE,CASSLGQaYEQYF,TRBV7-8,TRBJ2-7,IBM2:Blood,2641,A*01:01:01/A*03:01:01,B*08:01:01/B*27:05:02,C*01:02:01/C*07:01:01,-,DPB1*04:01:01/DPB1*10:01:01,DQA1*01:01:01/DQA1*05:01:01,DQB1*02:01:01/DQB1*05:01:01,DRB1*01:01:01/DRB1*03:01:01,DRB3*01:01:02,-,-
CASSLGQAYEQYF,TRB,HomoSapiens,EEYLQAFTY,ABCD3,HomoSapiens,170,TRBV7-8*01,TRBJ2-3*01,5,10,HLA-B*44:05:01,B2M,MHCI,PMID:20064448,3,HomoSapiens,TRB,HomoSapiens,TRBV7-8,TRBJ2-7,IBM12:Muscle,607,169,S%GQAYE,,0.0092,2,2,3.50E-09,0.23,0.005,0.11,0.001,0.029,global-S%GQAYE,CASSLGQaYEQYF,TRBV7-8,TRBJ2-7,IBM12:Muscle,607,A*01:01:01/A*02:01:01,B*08:01:01/B*35:01:01,C*04:01:01/C*07:01:01,-,DPB1*01:01:01/DPB1*13:01:01,DQA1*05:01:01/DQA1*05:01:01,DQB1*02:01:01/DQB1*03:01:01,DRB1*03:01:01/DRB1*11:04:01,DRB3*01:01:02/DRB3*02:02:01,-,-
CASSLGQAYEQYF,TRB,HomoSapiens,EEYLQAFTY,ABCD3,HomoSapiens,170,TRBV7-8*01,TRBJ2-3*01,5,10,HLA-B*44:05:01,B2M,MHCI,PMID:20064448,3,HomoSapiens,TRB,HomoSapiens,TRBV7-8,TRBJ2-7,IBM12:Muscle,607,169,S%GQAYE,,0.0092,2,2,3.50E-09,0.23,0.005,0.11,0.001,0.029,global-S%GQAYE,CASSLGQaYEQYF,TRBV7-8,TRBJ2-7,IBM2:Blood,2641,A*01:01:01/A*03:01:01,B*08:01:01/B*27:05:02,C*01:02:01/C*07:01:01,-,DPB1*04:01:01/DPB1*10:01:01,DQA1*01:01:01/DQA1*05:01:01,DQB1*02:01:01/DQB1*05:01:01,DRB1*01:01:01/DRB1*03:01:01,DRB3*01:01:02,-,-
CASSLGQAYEQYF,TRB,HomoSapiens,GLCTLVAML,BMLF1,EBV,0,TRBV7-8,TRBJ2-7,5,8,HLA-A*02:01,B2M,MHCI,PMID:28636589,0,HomoSapiens,TRB,EBV,TRBV7-8,TRBJ2-7,IBM12:Muscle,607,169,S%GQAYE,,0.0092,2,2,3.50E-09,0.23,0.005,0.11,0.001,0.029,global-S%GQAYE,CASSLGQaYEQYF,TRBV7-8,TRBJ2-7,IBM12:Muscle,607,A*01:01:01/A*02:01:01,B*08:01:01/B*35:01:01,C*04:01:01/C*07:01:01,-,DPB1*01:01:01/DPB1*13:01:01,DQA1*05:01:01/DQA1*05:01:01,DQB1*02:01:01/DQB1*03:01:01,DRB1*03:01:01/DRB1*11:04:01,DRB3*01:01:02/DRB3*02:02:01,-,-
CASSLGQAYEQYF,TRB,HomoSapiens,GLCTLVAML,BMLF1,EBV,0,TRBV7-8,TRBJ2-7,5,8,HLA-A*02:01,B2M,MHCI,PMID:28636589,0,HomoSapiens,TRB,EBV,TRBV7-8,TRBJ2-7,IBM12:Muscle,607,169,S%GQAYE,,0.0092,2,2,3.50E-09,0.23,0.005,0.11,0.001,0.029,global-S%GQAYE,CASSLGQaYEQYF,TRBV7-8,TRBJ2-7,IBM2:Blood,2641,A*01:01:01/A*03:01:01,B*08:01:01/B*27:05:02,C*01:02:01/C*07:01:01,-,DPB1*04:01:01/DPB1*10:01:01,DQA1*01:01:01/DQA1*05:01:01,DQB1*02:01:01/DQB1*05:01:01,DRB1*01:01:01/DRB1*03:01:01,DRB3*01:01:02,-,-
CASSLVGGRYGYTF,TRB,HomoSapiens,NLVPMVATV,pp65,CMV,0,"TRBV12-3,TRBV12-4","TRBJ1.2,TRBJ1-2",5,10,"HLA-A*02:01,HLA-A*02",B2M,MHCI,"PMID:12165524,PMID:28423320,PMID:19017975",0,HomoSapiens,TRB,CMV,TRBV12-4,TRBJ1-2,IBM13:Blood,80,123,S%VGGRYG,,2.50E-05,2,2,3.70E-09,0.23,0.001,0.56,0.001,0.029,global-S%VGGRYG,CASSLvgGRYGYTF,TRBV12-4,TRBJ1-2,IBM13:Blood,80,A*01:01:01/A*02:01:01,B*08:01:01/B*44:02:01,C*05:01:01/C*07:01:01,-,DPB1*02:01:02/DPB1*02:01:02,DQA1*01:01:01/DQA1*05:01:01,DQB1*02:01:01/DQB1*05:01:01,DRB1*01:01:01/DRB1*03:01:01,DRB3*01:01:02,-,-
CASSLGTGELFF,TRB,HomoSapiens,KLGGALQAK,IE1,CMV,7519,TRBV12-4,TRBJ2-2,5,6,HLA-A*03:01,B2M,MHCI,https://www.10xgenomics.com/resources/application-notes/a-new-way-of-exploring-immunity-linking-highly-multiplexed-antigen-recognition-to-immune-repertoire-and-phenotype/#,0,HomoSapiens,TRB,CMV,TRBV7-9,TRBJ2-2,IBM13:Blood,81,430,single,,1,1,1,5.80E-07,1,0.001,0.61,0.001,0.95,global-SLGTGE,CASSLgTGELFF,TRBV7-9,TRBJ2-2,IBM13:Muscle,187,A*01:01:01/A*02:01:01,B*08:01:01/B*44:02:01,C*05:01:01/C*07:01:01,-,DPB1*02:01:02/DPB1*02:01:02,DQA1*01:01:01/DQA1*05:01:01,DQB1*02:01:01/DQB1*05:01:01,DRB1*01:01:01/DRB1*03:01:01,DRB3*01:01:02,-,-
CASSLGTGELFF,TRB,HomoSapiens,KLGGALQAK,IE1,CMV,7519,TRBV12-4,TRBJ2-2,5,6,HLA-A*03:01,B2M,MHCI,https://www.10xgenomics.com/resources/application-notes/a-new-way-of-exploring-immunity-linking-highly-multiplexed-antigen-recognition-to-immune-repertoire-and-phenotype/#,0,HomoSapiens,TRB,CMV,TRBV7-9,TRBJ2-2,IBM13:Blood,81,430,single,,1,1,1,5.80E-07,1,0.001,0.61,0.001,0.95,global-SLGTGE,CASSLgTGELFF,TRBV7-9,TRBJ2-2,IBM13:Muscle,197,A*01:01:01/A*02:01:01,B*08:01:01/B*44:02:01,C*05:01:01/C*07:01:01,-,DPB1*02:01:02/DPB1*02:01:02,DQA1*01:01:01/DQA1*05:01:01,DQB1*02:01:01/DQB1*05:01:01,DRB1*01:01:01/DRB1*03:01:01,DRB3*01:01:02,-,-
CASSLGTGELFF,TRB,HomoSapiens,KLGGALQAK,IE1,CMV,7519,TRBV12-4,TRBJ2-2,5,6,HLA-A*03:01,B2M,MHCI,https://www.10xgenomics.com/resources/application-notes/a-new-way-of-exploring-immunity-linking-highly-multiplexed-antigen-recognition-to-immune-repertoire-and-phenotype/#,0,HomoSapiens,TRB,CMV,TRBV7-9,TRBJ2-2,IBM13:Blood,81,430,single,,1,1,1,5.80E-07,1,0.001,0.61,0.001,0.95,global-SLGTGE,CASSLgTGELFF,TRBV7-9,TRBJ2-2,IBM13:Blood,81,A*01:01:01/A*02:01:01,B*08:01:01/B*44:02:01,C*05:01:01/C*07:01:01,-,DPB1*02:01:02/DPB1*02:01:02,DQA1*01:01:01/DQA1*05:01:01,DQB1*02:01:01/DQB1*05:01:01,DRB1*01:01:01/DRB1*03:01:01,DRB3*01:01:02,-,-
CASSLGTGELFF,TRB,HomoSapiens,KLGGALQAK,IE1,CMV,7519,TRBV12-4,TRBJ2-2,5,6,HLA-A*03:01,B2M,MHCI,https://www.10xgenomics.com/resources/application-notes/a-new-way-of-exploring-immunity-linking-highly-multiplexed-antigen-recognition-to-immune-repertoire-and-phenotype/#,0,HomoSapiens,TRB,CMV,TRBV7-9,TRBJ2-2,IBM13:Muscle,187,430,single,,1,1,1,5.80E-07,1,0.001,0.61,0.001,0.95,global-SLGTGE,CASSLgTGELFF,TRBV7-9,TRBJ2-2,IBM13:Muscle,187,A*01:01:01/A*02:01:01,B*08:01:01/B*44:02:01,C*05:01:01/C*07:01:01,-,DPB1*02:01:02/DPB1*02:01:02,DQA1*01:01:01/DQA1*05:01:01,DQB1*02:01:01/DQB1*05:01:01,DRB1*01:01:01/DRB1*03:01:01,DRB3*01:01:02,-,-
CASSLGTGELFF,TRB,HomoSapiens,KLGGALQAK,IE1,CMV,7519,TRBV12-4,TRBJ2-2,5,6,HLA-A*03:01,B2M,MHCI,https://www.10xgenomics.com/resources/application-notes/a-new-way-of-exploring-immunity-linking-highly-multiplexed-antigen-recognition-to-immune-repertoire-and-phenotype/#,0,HomoSapiens,TRB,CMV,TRBV7-9,TRBJ2-2,IBM13:Muscle,187,430,single,,1,1,1,5.80E-07,1,0.001,0.61,0.001,0.95,global-SLGTGE,CASSLgTGELFF,TRBV7-9,TRBJ2-2,IBM13:Muscle,197,A*01:01:01/A*02:01:01,B*08:01:01/B*44:02:01,C*05:01:01/C*07:01:01,-,DPB1*02:01:02/DPB1*02:01:02,DQA1*01:01:01/DQA1*05:01:01,DQB1*02:01:01/DQB1*05:01:01,DRB1*01:01:01/DRB1*03:01:01,DRB3*01:01:02,-,-
CASSLGTGELFF,TRB,HomoSapiens,KLGGALQAK,IE1,CMV,7519,TRBV12-4,TRBJ2-2,5,6,HLA-A*03:01,B2M,MHCI,https://www.10xgenomics.com/resources/application-notes/a-new-way-of-exploring-immunity-linking-highly-multiplexed-antigen-recognition-to-immune-repertoire-and-phenotype/#,0,HomoSapiens,TRB,CMV,TRBV7-9,TRBJ2-2,IBM13:Muscle,187,430,single,,1,1,1,5.80E-07,1,0.001,0.61,0.001,0.95,global-SLGTGE,CASSLgTGELFF,TRBV7-9,TRBJ2-2,IBM13:Blood,81,A*01:01:01/A*02:01:01,B*08:01:01/B*44:02:01,C*05:01:01/C*07:01:01,-,DPB1*02:01:02/DPB1*02:01:02,DQA1*01:01:01/DQA1*05:01:01,DQB1*02:01:01/DQB1*05:01:01,DRB1*01:01:01/DRB1*03:01:01,DRB3*01:01:02,-,-
CASSLGTGELFF,TRB,HomoSapiens,KLGGALQAK,IE1,CMV,7519,TRBV12-4,TRBJ2-2,5,6,HLA-A*03:01,B2M,MHCI,https://www.10xgenomics.com/resources/application-notes/a-new-way-of-exploring-immunity-linking-highly-multiplexed-antigen-recognition-to-immune-repertoire-and-phenotype/#,0,HomoSapiens,TRB,CMV,TRBV7-9,TRBJ2-2,IBM13:Muscle,197,430,single,,1,1,1,5.80E-07,1,0.001,0.61,0.001,0.95,global-SLGTGE,CASSLgTGELFF,TRBV7-9,TRBJ2-2,IBM13:Muscle,187,A*01:01:01/A*02:01:01,B*08:01:01/B*44:02:01,C*05:01:01/C*07:01:01,-,DPB1*02:01:02/DPB1*02:01:02,DQA1*01:01:01/DQA1*05:01:01,DQB1*02:01:01/DQB1*05:01:01,DRB1*01:01:01/DRB1*03:01:01,DRB3*01:01:02,-,-
CASSLGTGELFF,TRB,HomoSapiens,KLGGALQAK,IE1,CMV,7519,TRBV12-4,TRBJ2-2,5,6,HLA-A*03:01,B2M,MHCI,https://www.10xgenomics.com/resources/application-notes/a-new-way-of-exploring-immunity-linking-highly-multiplexed-antigen-recognition-to-immune-repertoire-and-phenotype/#,0,HomoSapiens,TRB,CMV,TRBV7-9,TRBJ2-2,IBM13:Muscle,197,430,single,,1,1,1,5.80E-07,1,0.001,0.61,0.001,0.95,global-SLGTGE,CASSLgTGELFF,TRBV7-9,TRBJ2-2,IBM13:Muscle,197,A*01:01:01/A*02:01:01,B*08:01:01/B*44:02:01,C*05:01:01/C*07:01:01,-,DPB1*02:01:02/DPB1*02:01:02,DQA1*01:01:01/DQA1*05:01:01,DQB1*02:01:01/DQB1*05:01:01,DRB1*01:01:01/DRB1*03:01:01,DRB3*01:01:02,-,-
CASSLGTGELFF,TRB,HomoSapiens,KLGGALQAK,IE1,CMV,7519,TRBV12-4,TRBJ2-2,5,6,HLA-A*03:01,B2M,MHCI,https://www.10xgenomics.com/resources/application-notes/a-new-way-of-exploring-immunity-linking-highly-multiplexed-antigen-recognition-to-immune-repertoire-and-phenotype/#,0,HomoSapiens,TRB,CMV,TRBV7-9,TRBJ2-2,IBM13:Muscle,197,430,single,,1,1,1,5.80E-07,1,0.001,0.61,0.001,0.95,global-SLGTGE,CASSLgTGELFF,TRBV7-9,TRBJ2-2,IBM13:Blood,81,A*01:01:01/A*02:01:01,B*08:01:01/B*44:02:01,C*05:01:01/C*07:01:01,-,DPB1*02:01:02/DPB1*02:01:02,DQA1*01:01:01/DQA1*05:01:01,DQB1*02:01:01/DQB1*05:01:01,DRB1*01:01:01/DRB1*03:01:01,DRB3*01:01:02,-,-
CASSLGQAYEQYF,TRB,HomoSapiens,EEYLKAWTF,MLANA,HomoSapiens,169,TRBV7-8*01,TRBJ2-3*01,5,10,HLA-B*44:05:01,B2M,MHCI,PMID:20064448,3,HomoSapiens,TRB,HomoSapiens,TRBV7-8,TRBJ2-7,IBM2:Blood,2641,169,S%GQAYE,,0.0092,2,2,3.50E-09,0.23,0.005,0.11,0.001,0.029,global-S%GQAYE,CASSLGQaYEQYF,TRBV7-8,TRBJ2-7,IBM12:Muscle,607,A*01:01:01/A*02:01:01,B*08:01:01/B*35:01:01,C*04:01:01/C*07:01:01,-,DPB1*01:01:01/DPB1*13:01:01,DQA1*05:01:01/DQA1*05:01:01,DQB1*02:01:01/DQB1*03:01:01,DRB1*03:01:01/DRB1*11:04:01,DRB3*01:01:02/DRB3*02:02:01,-,-
CASSLGQAYEQYF,TRB,HomoSapiens,EEYLKAWTF,MLANA,HomoSapiens,169,TRBV7-8*01,TRBJ2-3*01,5,10,HLA-B*44:05:01,B2M,MHCI,PMID:20064448,3,HomoSapiens,TRB,HomoSapiens,TRBV7-8,TRBJ2-7,IBM2:Blood,2641,169,S%GQAYE,,0.0092,2,2,3.50E-09,0.23,0.005,0.11,0.001,0.029,global-S%GQAYE,CASSLGQaYEQYF,TRBV7-8,TRBJ2-7,IBM2:Blood,2641,A*01:01:01/A*03:01:01,B*08:01:01/B*27:05:02,C*01:02:01/C*07:01:01,-,DPB1*04:01:01/DPB1*10:01:01,DQA1*01:01:01/DQA1*05:01:01,DQB1*02:01:01/DQB1*05:01:01,DRB1*01:01:01/DRB1*03:01:01,DRB3*01:01:02,-,-
CASSLGQAYEQYF,TRB,HomoSapiens,EEYLQAFTY,ABCD3,HomoSapiens,170,TRBV7-8*01,TRBJ2-3*01,5,10,HLA-B*44:05:01,B2M,MHCI,PMID:20064448,3,HomoSapiens,TRB,HomoSapiens,TRBV7-8,TRBJ2-7,IBM2:Blood,2641,169,S%GQAYE,,0.0092,2,2,3.50E-09,0.23,0.005,0.11,0.001,0.029,global-S%GQAYE,CASSLGQaYEQYF,TRBV7-8,TRBJ2-7,IBM12:Muscle,607,A*01:01:01/A*02:01:01,B*08:01:01/B*35:01:01,C*04:01:01/C*07:01:01,-,DPB1*01:01:01/DPB1*13:01:01,DQA1*05:01:01/DQA1*05:01:01,DQB1*02:01:01/DQB1*03:01:01,DRB1*03:01:01/DRB1*11:04:01,DRB3*01:01:02/DRB3*02:02:01,-,-
CASSLGQAYEQYF,TRB,HomoSapiens,EEYLQAFTY,ABCD3,HomoSapiens,170,TRBV7-8*01,TRBJ2-3*01,5,10,HLA-B*44:05:01,B2M,MHCI,PMID:20064448,3,HomoSapiens,TRB,HomoSapiens,TRBV7-8,TRBJ2-7,IBM2:Blood,2641,169,S%GQAYE,,0.0092,2,2,3.50E-09,0.23,0.005,0.11,0.001,0.029,global-S%GQAYE,CASSLGQaYEQYF,TRBV7-8,TRBJ2-7,IBM2:Blood,2641,A*01:01:01/A*03:01:01,B*08:01:01/B*27:05:02,C*01:02:01/C*07:01:01,-,DPB1*04:01:01/DPB1*10:01:01,DQA1*01:01:01/DQA1*05:01:01,DQB1*02:01:01/DQB1*05:01:01,DRB1*01:01:01/DRB1*03:01:01,DRB3*01:01:02,-,-
CASSLGQAYEQYF,TRB,HomoSapiens,GLCTLVAML,BMLF1,EBV,0,TRBV7-8,TRBJ2-7,5,8,HLA-A*02:01,B2M,MHCI,PMID:28636589,0,HomoSapiens,TRB,EBV,TRBV7-8,TRBJ2-7,IBM2:Blood,2641,169,S%GQAYE,,0.0092,2,2,3.50E-09,0.23,0.005,0.11,0.001,0.029,global-S%GQAYE,CASSLGQaYEQYF,TRBV7-8,TRBJ2-7,IBM12:Muscle,607,A*01:01:01/A*02:01:01,B*08:01:01/B*35:01:01,C*04:01:01/C*07:01:01,-,DPB1*01:01:01/DPB1*13:01:01,DQA1*05:01:01/DQA1*05:01:01,DQB1*02:01:01/DQB1*03:01:01,DRB1*03:01:01/DRB1*11:04:01,DRB3*01:01:02/DRB3*02:02:01,-,-
CASSLGQAYEQYF,TRB,HomoSapiens,GLCTLVAML,BMLF1,EBV,0,TRBV7-8,TRBJ2-7,5,8,HLA-A*02:01,B2M,MHCI,PMID:28636589,0,HomoSapiens,TRB,EBV,TRBV7-8,TRBJ2-7,IBM2:Blood,2641,169,S%GQAYE,,0.0092,2,2,3.50E-09,0.23,0.005,0.11,0.001,0.029,global-S%GQAYE,CASSLGQaYEQYF,TRBV7-8,TRBJ2-7,IBM2:Blood,2641,A*01:01:01/A*03:01:01,B*08:01:01/B*27:05:02,C*01:02:01/C*07:01:01,-,DPB1*04:01:01/DPB1*10:01:01,DQA1*01:01:01/DQA1*05:01:01,DQB1*02:01:01/DQB1*05:01:01,DRB1*01:01:01/DRB1*03:01:01,DRB3*01:01:02,-,-
CASSLGQAYEQYF,TRB,HomoSapiens,FLRGRAYGL,EBNA3A,EBV,2.43E+22,"TRBV7-8,TRBV7-8*01,TRBV6S3","TRBJ2-7*01,TRBJ2-3*01,TRBJ2-7,TRBJ2S7",5,-1,"HLA-B*08:01,HLA-B*08:01:29",B2M,MHCI,"PMID:23267020,PMID:9862375,PMID:12530975,PMID:16326979,PMID:21555537,PMID:24512815",3,HomoSapiens,TRB,EBV,TRBV7-8,TRBJ2-7,IBM2:Blood,2641,169,S%GQAYE,,0.0092,2,2,3.50E-09,0.23,0.005,0.11,0.001,0.029,global-S%GQAYE,CASSLGQaYEQYF,TRBV7-8,TRBJ2-7,IBM12:Muscle,607,A*01:01:01/A*02:01:01,B*08:01:01/B*35:01:01,C*04:01:01/C*07:01:01,-,DPB1*01:01:01/DPB1*13:01:01,DQA1*05:01:01/DQA1*05:01:01,DQB1*02:01:01/DQB1*03:01:01,DRB1*03:01:01/DRB1*11:04:01,DRB3*01:01:02/DRB3*02:02:01,-,-
CASSLGQAYEQYF,TRB,HomoSapiens,FLRGRAYGL,EBNA3A,EBV,2.43E+22,"TRBV7-8,TRBV7-8*01,TRBV6S3","TRBJ2-7*01,TRBJ2-3*01,TRBJ2-7,TRBJ2S7",5,-1,"HLA-B*08:01,HLA-B*08:01:29",B2M,MHCI,"PMID:23267020,PMID:9862375,PMID:12530975,PMID:16326979,PMID:21555537,PMID:24512815",3,HomoSapiens,TRB,EBV,TRBV7-8,TRBJ2-7,IBM2:Blood,2641,169,S%GQAYE,,0.0092,2,2,3.50E-09,0.23,0.005,0.11,0.001,0.029,global-S%GQAYE,CASSLGQaYEQYF,TRBV7-8,TRBJ2-7,IBM2:Blood,2641,A*01:01:01/A*03:01:01,B*08:01:01/B*27:05:02,C*01:02:01/C*07:01:01,-,DPB1*04:01:01/DPB1*10:01:01,DQA1*01:01:01/DQA1*05:01:01,DQB1*02:01:01/DQB1*05:01:01,DRB1*01:01:01/DRB1*03:01:01,DRB3*01:01:02,-,-
CASSLAPGATNEKLFF,TRB,HomoSapiens,NLVPMVATV,pp65,CMV,2.38E+34,"TRBV7-8,TRBV11-1,TRBV7-9,TRBV6S3,TRBV7-6","TRBJ1S4,TRBJ1-4*01,TRBJ1-4",5,9,"HLA-A*02:01,HLA-A*02",B2M,MHCI,"PMID:21135165,PMID:28423320,PMID:16237109,PMID:28636589,PMID:23267020,PMID:19017975,PMID:21555537,https://github.com/antigenomics/vdjdb-db/issues/252",1,HomoSapiens,TRB,CMV,TRBV7-6,TRBJ1-4,IBM4:Blood,305,135,SLAPG%TNEK,,2.50E-05,2,2,7.10E-10,0.045,0.001,0.54,0.001,0.029,global-SLAPG%TNEK,CASSLapgaTNEKLFF,TRBV7-6,TRBJ1-4,IBM4:Blood,305,A*02:01:01/A*23:01:01,B*44:03:01/B*51:01:01,C*04:01:01/C*14:02:01,-,DPB1*02:01:02/DPB1*04:01:01,DQA1*01:03:01/DQA1*05:01:01,DQB1*03:01:01/DQB1*06:03:01!,DRB1*11:01:01/DRB1*13:01:01!,DRB3*02:02:01/DRB3*02:02:01,-,-
CASSPSRNTEAFF,TRB,HomoSapiens,RPHERNGFTVL,pp65,CMV,0,TRBV4-3,TRBJ1-1,4,7,HLA-B*07:02,B2M,MHCI,PMID:22323539,1,HomoSapiens,TRB,CMV,TRBV4-3,TRBJ1-1,IBM5:Blood,143,14,SP%RNTE,,1.10E-13,2,8,5.80E-12,0.32,0.001,0.022,0.001,0.00083,global-SP%RNTE,CASSPsrNTEAFF,TRBV4-3,TRBJ1-1,IBM5:Blood,1605,A*03:01:01/A*03:01:01,B*07:02:01/B*39:01:01,C*07:02:01/C*12:03:01,-,DPB1*02:01:02/DPB1*04:01:01,DQA1*01:02:01/DQA1*05:01:01,DQB1*02:01:01/DQB1*06:02:01,DRB1*03:01:01/DRB1*15:01:01,DRB3*01:01:02,-,DRB5*01:01:01
CASSPSRNTEAFF,TRB,HomoSapiens,RPHERNGFTVL,pp65,CMV,0,TRBV4-3,TRBJ1-1,4,7,HLA-B*07:02,B2M,MHCI,PMID:22323539,1,HomoSapiens,TRB,CMV,TRBV4-3,TRBJ1-1,IBM5:Blood,143,14,SP%RNTE,,1.10E-13,2,8,5.80E-12,0.32,0.001,0.022,0.001,0.00083,global-SP%RNTE,CASSPsrNTEAFF,TRBV4-3,TRBJ1-1,IBM5:Blood,143,A*03:01:01/A*03:01:01,B*07:02:01/B*39:01:01,C*07:02:01/C*12:03:01,-,DPB1*02:01:02/DPB1*04:01:01,DQA1*01:02:01/DQA1*05:01:01,DQB1*02:01:01/DQB1*06:02:01,DRB1*03:01:01/DRB1*15:01:01,DRB3*01:01:02,-,DRB5*01:01:01
CASSPSRNTEAFF,TRB,HomoSapiens,RPHERNGFTV,pp65,CMV,0,TRBV7-2,TRBJ1-1,4,7,HLA-B*07,B2M,MHCI,PMID:9971792,3,HomoSapiens,TRB,CMV,TRBV4-3,TRBJ1-1,IBM5:Blood,143,14,SP%RNTE,,1.10E-13,2,8,5.80E-12,0.32,0.001,0.022,0.001,0.00083,global-SP%RNTE,CASSPsrNTEAFF,TRBV4-3,TRBJ1-1,IBM5:Blood,1605,A*03:01:01/A*03:01:01,B*07:02:01/B*39:01:01,C*07:02:01/C*12:03:01,-,DPB1*02:01:02/DPB1*04:01:01,DQA1*01:02:01/DQA1*05:01:01,DQB1*02:01:01/DQB1*06:02:01,DRB1*03:01:01/DRB1*15:01:01,DRB3*01:01:02,-,DRB5*01:01:01
CASSPSRNTEAFF,TRB,HomoSapiens,RPHERNGFTV,pp65,CMV,0,TRBV7-2,TRBJ1-1,4,7,HLA-B*07,B2M,MHCI,PMID:9971792,3,HomoSapiens,TRB,CMV,TRBV4-3,TRBJ1-1,IBM5:Blood,143,14,SP%RNTE,,1.10E-13,2,8,5.80E-12,0.32,0.001,0.022,0.001,0.00083,global-SP%RNTE,CASSPsrNTEAFF,TRBV4-3,TRBJ1-1,IBM5:Blood,143,A*03:01:01/A*03:01:01,B*07:02:01/B*39:01:01,C*07:02:01/C*12:03:01,-,DPB1*02:01:02/DPB1*04:01:01,DQA1*01:02:01/DQA1*05:01:01,DQB1*02:01:01/DQB1*06:02:01,DRB1*03:01:01/DRB1*15:01:01,DRB3*01:01:02,-,DRB5*01:01:01
CASSPSRNTEAFF,TRB,HomoSapiens,TPRVTGGGAM,pp65,CMV,0,TRBV4-3,TRBJ1-1,4,7,HLA-B*07:02,B2M,MHCI,PMID:28636589,1,HomoSapiens,TRB,CMV,TRBV4-3,TRBJ1-1,IBM5:Blood,143,14,SP%RNTE,,1.10E-13,2,8,5.80E-12,0.32,0.001,0.022,0.001,0.00083,global-SP%RNTE,CASSPsrNTEAFF,TRBV4-3,TRBJ1-1,IBM5:Blood,1605,A*03:01:01/A*03:01:01,B*07:02:01/B*39:01:01,C*07:02:01/C*12:03:01,-,DPB1*02:01:02/DPB1*04:01:01,DQA1*01:02:01/DQA1*05:01:01,DQB1*02:01:01/DQB1*06:02:01,DRB1*03:01:01/DRB1*15:01:01,DRB3*01:01:02,-,DRB5*01:01:01
CASSPSRNTEAFF,TRB,HomoSapiens,TPRVTGGGAM,pp65,CMV,0,TRBV4-3,TRBJ1-1,4,7,HLA-B*07:02,B2M,MHCI,PMID:28636589,1,HomoSapiens,TRB,CMV,TRBV4-3,TRBJ1-1,IBM5:Blood,143,14,SP%RNTE,,1.10E-13,2,8,5.80E-12,0.32,0.001,0.022,0.001,0.00083,global-SP%RNTE,CASSPsrNTEAFF,TRBV4-3,TRBJ1-1,IBM5:Blood,143,A*03:01:01/A*03:01:01,B*07:02:01/B*39:01:01,C*07:02:01/C*12:03:01,-,DPB1*02:01:02/DPB1*04:01:01,DQA1*01:02:01/DQA1*05:01:01,DQB1*02:01:01/DQB1*06:02:01,DRB1*03:01:01/DRB1*15:01:01,DRB3*01:01:02,-,DRB5*01:01:01
CASSPARNTEAFF,TRB,HomoSapiens,TPRVTGGGAM,pp65,CMV,0,TRBV4-3,TRBJ1-1,4,7,HLA-B*07:02,B2M,MHCI,PMID:28636589,1,HomoSapiens,TRB,CMV,TRBV4-3,TRBJ1-1,IBM5:Blood,246,14,SP%RNTE,,1.10E-13,2,8,5.80E-12,0.32,0.001,0.022,0.001,0.00083,global-SP%RNTE,CASSParNTEAFF,TRBV4-3,TRBJ1-1,IBM5:Blood,246,A*03:01:01/A*03:01:01,B*07:02:01/B*39:01:01,C*07:02:01/C*12:03:01,-,DPB1*02:01:02/DPB1*04:01:01,DQA1*01:02:01/DQA1*05:01:01,DQB1*02:01:01/DQB1*06:02:01,DRB1*03:01:01/DRB1*15:01:01,DRB3*01:01:02,-,DRB5*01:01:01
CASSPARNTEAFF,TRB,HomoSapiens,RPHERNGFTV,pp65,CMV,0,TRBV7-2,TRBJ1-1,4,7,HLA-B*07,B2M,MHCI,PMID:9971792,3,HomoSapiens,TRB,CMV,TRBV4-3,TRBJ1-1,IBM5:Blood,246,14,SP%RNTE,,1.10E-13,2,8,5.80E-12,0.32,0.001,0.022,0.001,0.00083,global-SP%RNTE,CASSParNTEAFF,TRBV4-3,TRBJ1-1,IBM5:Blood,246,A*03:01:01/A*03:01:01,B*07:02:01/B*39:01:01,C*07:02:01/C*12:03:01,-,DPB1*02:01:02/DPB1*04:01:01,DQA1*01:02:01/DQA1*05:01:01,DQB1*02:01:01/DQB1*06:02:01,DRB1*03:01:01/DRB1*15:01:01,DRB3*01:01:02,-,DRB5*01:01:01
CASSPARNTEAFF,TRB,HomoSapiens,RPHERNGFTVL,pp65,CMV,0,TRBV4-3,TRBJ1-1,4,7,HLA-B*07:02,B2M,MHCI,PMID:22323539,1,HomoSapiens,TRB,CMV,TRBV4-3,TRBJ1-1,IBM5:Blood,246,14,SP%RNTE,,1.10E-13,2,8,5.80E-12,0.32,0.001,0.022,0.001,0.00083,global-SP%RNTE,CASSParNTEAFF,TRBV4-3,TRBJ1-1,IBM5:Blood,246,A*03:01:01/A*03:01:01,B*07:02:01/B*39:01:01,C*07:02:01/C*12:03:01,-,DPB1*02:01:02/DPB1*04:01:01,DQA1*01:02:01/DQA1*05:01:01,DQB1*02:01:01/DQB1*06:02:01,DRB1*03:01:01/DRB1*15:01:01,DRB3*01:01:02,-,DRB5*01:01:01
CASSPHRNTEAFF,TRB,HomoSapiens,RPHERNGFTV,pp65,CMV,0,TRBV7-2,TRBJ1-1,4,7,HLA-B*07,B2M,MHCI,PMID:9971792,3,HomoSapiens,TRB,CMV,TRBV4-3,TRBJ1-1,IBM5:Blood,443,14,SP%RNTE,,1.10E-13,2,8,5.80E-12,0.32,0.001,0.022,0.001,0.00083,global-SP%RNTE,CASSPhrNTEAFF,TRBV4-3,TRBJ1-1,IBM5:Blood,443,A*03:01:01/A*03:01:01,B*07:02:01/B*39:01:01,C*07:02:01/C*12:03:01,-,DPB1*02:01:02/DPB1*04:01:01,DQA1*01:02:01/DQA1*05:01:01,DQB1*02:01:01/DQB1*06:02:01,DRB1*03:01:01/DRB1*15:01:01,DRB3*01:01:02,-,DRB5*01:01:01
CASSPHRNTEAFF,TRB,HomoSapiens,RPHERNGFTVL,pp65,CMV,0,TRBV4-3,TRBJ1-1,4,7,HLA-B*07:02,B2M,MHCI,PMID:22323539,1,HomoSapiens,TRB,CMV,TRBV4-3,TRBJ1-1,IBM5:Blood,443,14,SP%RNTE,,1.10E-13,2,8,5.80E-12,0.32,0.001,0.022,0.001,0.00083,global-SP%RNTE,CASSPhrNTEAFF,TRBV4-3,TRBJ1-1,IBM5:Blood,443,A*03:01:01/A*03:01:01,B*07:02:01/B*39:01:01,C*07:02:01/C*12:03:01,-,DPB1*02:01:02/DPB1*04:01:01,DQA1*01:02:01/DQA1*05:01:01,DQB1*02:01:01/DQB1*06:02:01,DRB1*03:01:01/DRB1*15:01:01,DRB3*01:01:02,-,DRB5*01:01:01
CASSPHRNTEAFF,TRB,HomoSapiens,TPRVTGGGAM,pp65,CMV,0,TRBV4-3,TRBJ1-1,4,7,HLA-B*07:02,B2M,MHCI,PMID:28636589,0,HomoSapiens,TRB,CMV,TRBV4-3,TRBJ1-1,IBM5:Blood,443,14,SP%RNTE,,1.10E-13,2,8,5.80E-12,0.32,0.001,0.022,0.001,0.00083,global-SP%RNTE,CASSPhrNTEAFF,TRBV4-3,TRBJ1-1,IBM5:Blood,443,A*03:01:01/A*03:01:01,B*07:02:01/B*39:01:01,C*07:02:01/C*12:03:01,-,DPB1*02:01:02/DPB1*04:01:01,DQA1*01:02:01/DQA1*05:01:01,DQB1*02:01:01/DQB1*06:02:01,DRB1*03:01:01/DRB1*15:01:01,DRB3*01:01:02,-,DRB5*01:01:01
CASSPQRNTEAFF,TRB,HomoSapiens,RPHERNGFTVL,pp65,CMV,0,TRBV4-3,TRBJ1-1,4,7,HLA-B*07:02,B2M,MHCI,PMID:22323539,1,HomoSapiens,TRB,CMV,TRBV4-3,TRBJ1-1,IBM5:Blood,1305,14,SP%RNTE,,1.10E-13,2,8,5.80E-12,0.32,0.001,0.022,0.001,0.00083,global-SP%RNTE,CASSPqrNTEAFF,TRBV4-3,TRBJ1-1,IBM5:Blood,1305,A*03:01:01/A*03:01:01,B*07:02:01/B*39:01:01,C*07:02:01/C*12:03:01,-,DPB1*02:01:02/DPB1*04:01:01,DQA1*01:02:01/DQA1*05:01:01,DQB1*02:01:01/DQB1*06:02:01,DRB1*03:01:01/DRB1*15:01:01,DRB3*01:01:02,-,DRB5*01:01:01
CASSPQRNTEAFF,TRB,HomoSapiens,RPHERNGFTVL,pp65,CMV,0,TRBV4-3,TRBJ1-1,4,7,HLA-B*07:02,B2M,MHCI,PMID:22323539,1,HomoSapiens,TRB,CMV,TRBV4-3,TRBJ1-1,IBM5:Blood,1305,14,SP%RNTE,,1.10E-13,2,8,5.80E-12,0.32,0.001,0.022,0.001,0.00083,global-SP%RNTE,CASSPqrNTEAFF,TRBV4-3,TRBJ1-1,IBM7:Blood,2,A*01:01:01/A*03:01:01,B*08:01:01/B*35:01:01,C*07:01:01/C*07:02:01,-,DPB1*04:01:01/DPB1*04:01:01,DQA1*01:01:01/DQA1*05:01:01,DQB1*02:01:01/DQB1*05:01:01,DRB1*01:01:01/DRB1*03:01:01,DRB3*01:01:02,-,-
CASSPQRNTEAFF,TRB,HomoSapiens,RPHERNGFTVL,pp65,CMV,0,TRBV4-3,TRBJ1-1,4,7,HLA-B*07:02,B2M,MHCI,PMID:22323539,1,HomoSapiens,TRB,CMV,TRBV4-3,TRBJ1-1,IBM5:Blood,1305,14,SP%RNTE,,1.10E-13,2,8,5.80E-12,0.32,0.001,0.022,0.001,0.00083,global-SP%RNTE,CASSPqrNTEAFF,TRBV4-3,TRBJ1-1,IBM7:Blood,25462,A*01:01:01/A*03:01:01,B*08:01:01/B*35:01:01,C*07:01:01/C*07:02:01,-,DPB1*04:01:01/DPB1*04:01:01,DQA1*01:01:01/DQA1*05:01:01,DQB1*02:01:01/DQB1*05:01:01,DRB1*01:01:01/DRB1*03:01:01,DRB3*01:01:02,-,-
CASSPQRNTEAFF,TRB,HomoSapiens,TPRVTGGGAM,pp65,CMV,0,TRBV4-3,TRBJ1-1,4,7,HLA-B*07:02,B2M,MHCI,PMID:28636589,0,HomoSapiens,TRB,CMV,TRBV4-3,TRBJ1-1,IBM5:Blood,1305,14,SP%RNTE,,1.10E-13,2,8,5.80E-12,0.32,0.001,0.022,0.001,0.00083,global-SP%RNTE,CASSPqrNTEAFF,TRBV4-3,TRBJ1-1,IBM5:Blood,1305,A*03:01:01/A*03:01:01,B*07:02:01/B*39:01:01,C*07:02:01/C*12:03:01,-,DPB1*02:01:02/DPB1*04:01:01,DQA1*01:02:01/DQA1*05:01:01,DQB1*02:01:01/DQB1*06:02:01,DRB1*03:01:01/DRB1*15:01:01,DRB3*01:01:02,-,DRB5*01:01:01
CASSPQRNTEAFF,TRB,HomoSapiens,TPRVTGGGAM,pp65,CMV,0,TRBV4-3,TRBJ1-1,4,7,HLA-B*07:02,B2M,MHCI,PMID:28636589,0,HomoSapiens,TRB,CMV,TRBV4-3,TRBJ1-1,IBM5:Blood,1305,14,SP%RNTE,,1.10E-13,2,8,5.80E-12,0.32,0.001,0.022,0.001,0.00083,global-SP%RNTE,CASSPqrNTEAFF,TRBV4-3,TRBJ1-1,IBM7:Blood,2,A*01:01:01/A*03:01:01,B*08:01:01/B*35:01:01,C*07:01:01/C*07:02:01,-,DPB1*04:01:01/DPB1*04:01:01,DQA1*01:01:01/DQA1*05:01:01,DQB1*02:01:01/DQB1*05:01:01,DRB1*01:01:01/DRB1*03:01:01,DRB3*01:01:02,-,-
CASSPQRNTEAFF,TRB,HomoSapiens,TPRVTGGGAM,pp65,CMV,0,TRBV4-3,TRBJ1-1,4,7,HLA-B*07:02,B2M,MHCI,PMID:28636589,0,HomoSapiens,TRB,CMV,TRBV4-3,TRBJ1-1,IBM5:Blood,1305,14,SP%RNTE,,1.10E-13,2,8,5.80E-12,0.32,0.001,0.022,0.001,0.00083,global-SP%RNTE,CASSPqrNTEAFF,TRBV4-3,TRBJ1-1,IBM7:Blood,25462,A*01:01:01/A*03:01:01,B*08:01:01/B*35:01:01,C*07:01:01/C*07:02:01,-,DPB1*04:01:01/DPB1*04:01:01,DQA1*01:01:01/DQA1*05:01:01,DQB1*02:01:01/DQB1*05:01:01,DRB1*01:01:01/DRB1*03:01:01,DRB3*01:01:02,-,-
CASSPSRNTEAFF,TRB,HomoSapiens,RPHERNGFTVL,pp65,CMV,0,TRBV4-3,TRBJ1-1,4,7,HLA-B*07:02,B2M,MHCI,PMID:22323539,1,HomoSapiens,TRB,CMV,TRBV4-3,TRBJ1-1,IBM5:Blood,1605,14,SP%RNTE,,1.10E-13,2,8,5.80E-12,0.32,0.001,0.022,0.001,0.00083,global-SP%RNTE,CASSPsrNTEAFF,TRBV4-3,TRBJ1-1,IBM5:Blood,1605,A*03:01:01/A*03:01:01,B*07:02:01/B*39:01:01,C*07:02:01/C*12:03:01,-,DPB1*02:01:02/DPB1*04:01:01,DQA1*01:02:01/DQA1*05:01:01,DQB1*02:01:01/DQB1*06:02:01,DRB1*03:01:01/DRB1*15:01:01,DRB3*01:01:02,-,DRB5*01:01:01
CASSPSRNTEAFF,TRB,HomoSapiens,RPHERNGFTVL,pp65,CMV,0,TRBV4-3,TRBJ1-1,4,7,HLA-B*07:02,B2M,MHCI,PMID:22323539,1,HomoSapiens,TRB,CMV,TRBV4-3,TRBJ1-1,IBM5:Blood,1605,14,SP%RNTE,,1.10E-13,2,8,5.80E-12,0.32,0.001,0.022,0.001,0.00083,global-SP%RNTE,CASSPsrNTEAFF,TRBV4-3,TRBJ1-1,IBM5:Blood,143,A*03:01:01/A*03:01:01,B*07:02:01/B*39:01:01,C*07:02:01/C*12:03:01,-,DPB1*02:01:02/DPB1*04:01:01,DQA1*01:02:01/DQA1*05:01:01,DQB1*02:01:01/DQB1*06:02:01,DRB1*03:01:01/DRB1*15:01:01,DRB3*01:01:02,-,DRB5*01:01:01
CASSPSRNTEAFF,TRB,HomoSapiens,RPHERNGFTV,pp65,CMV,0,TRBV7-2,TRBJ1-1,4,7,HLA-B*07,B2M,MHCI,PMID:9971792,3,HomoSapiens,TRB,CMV,TRBV4-3,TRBJ1-1,IBM5:Blood,1605,14,SP%RNTE,,1.10E-13,2,8,5.80E-12,0.32,0.001,0.022,0.001,0.00083,global-SP%RNTE,CASSPsrNTEAFF,TRBV4-3,TRBJ1-1,IBM5:Blood,1605,A*03:01:01/A*03:01:01,B*07:02:01/B*39:01:01,C*07:02:01/C*12:03:01,-,DPB1*02:01:02/DPB1*04:01:01,DQA1*01:02:01/DQA1*05:01:01,DQB1*02:01:01/DQB1*06:02:01,DRB1*03:01:01/DRB1*15:01:01,DRB3*01:01:02,-,DRB5*01:01:01
CASSPSRNTEAFF,TRB,HomoSapiens,RPHERNGFTV,pp65,CMV,0,TRBV7-2,TRBJ1-1,4,7,HLA-B*07,B2M,MHCI,PMID:9971792,3,HomoSapiens,TRB,CMV,TRBV4-3,TRBJ1-1,IBM5:Blood,1605,14,SP%RNTE,,1.10E-13,2,8,5.80E-12,0.32,0.001,0.022,0.001,0.00083,global-SP%RNTE,CASSPsrNTEAFF,TRBV4-3,TRBJ1-1,IBM5:Blood,143,A*03:01:01/A*03:01:01,B*07:02:01/B*39:01:01,C*07:02:01/C*12:03:01,-,DPB1*02:01:02/DPB1*04:01:01,DQA1*01:02:01/DQA1*05:01:01,DQB1*02:01:01/DQB1*06:02:01,DRB1*03:01:01/DRB1*15:01:01,DRB3*01:01:02,-,DRB5*01:01:01
CASSPSRNTEAFF,TRB,HomoSapiens,TPRVTGGGAM,pp65,CMV,0,TRBV4-3,TRBJ1-1,4,7,HLA-B*07:02,B2M,MHCI,PMID:28636589,1,HomoSapiens,TRB,CMV,TRBV4-3,TRBJ1-1,IBM5:Blood,1605,14,SP%RNTE,,1.10E-13,2,8,5.80E-12,0.32,0.001,0.022,0.001,0.00083,global-SP%RNTE,CASSPsrNTEAFF,TRBV4-3,TRBJ1-1,IBM5:Blood,1605,A*03:01:01/A*03:01:01,B*07:02:01/B*39:01:01,C*07:02:01/C*12:03:01,-,DPB1*02:01:02/DPB1*04:01:01,DQA1*01:02:01/DQA1*05:01:01,DQB1*02:01:01/DQB1*06:02:01,DRB1*03:01:01/DRB1*15:01:01,DRB3*01:01:02,-,DRB5*01:01:01
CASSPSRNTEAFF,TRB,HomoSapiens,TPRVTGGGAM,pp65,CMV,0,TRBV4-3,TRBJ1-1,4,7,HLA-B*07:02,B2M,MHCI,PMID:28636589,1,HomoSapiens,TRB,CMV,TRBV4-3,TRBJ1-1,IBM5:Blood,1605,14,SP%RNTE,,1.10E-13,2,8,5.80E-12,0.32,0.001,0.022,0.001,0.00083,global-SP%RNTE,CASSPsrNTEAFF,TRBV4-3,TRBJ1-1,IBM5:Blood,143,A*03:01:01/A*03:01:01,B*07:02:01/B*39:01:01,C*07:02:01/C*12:03:01,-,DPB1*02:01:02/DPB1*04:01:01,DQA1*01:02:01/DQA1*05:01:01,DQB1*02:01:01/DQB1*06:02:01,DRB1*03:01:01/DRB1*15:01:01,DRB3*01:01:02,-,DRB5*01:01:01
CASSPHRNTEAFF,TRB,HomoSapiens,RPHERNGFTV,pp65,CMV,0,TRBV7-2,TRBJ1-1,4,7,HLA-B*07,B2M,MHCI,PMID:9971792,3,HomoSapiens,TRB,CMV,TRBV4-3,TRBJ1-1,IBM5:Blood,443,105,SPH%NTE,,2.50E-05,2,2,3.90E-09,0.32,0.001,0.43,0.001,0.029,global-SPH%NTE,CASSPhrNTEAFF,TRBV4-3,TRBJ1-1,IBM5:Blood,443,A*03:01:01/A*03:01:01,B*07:02:01/B*39:01:01,C*07:02:01/C*12:03:01,-,DPB1*02:01:02/DPB1*04:01:01,DQA1*01:02:01/DQA1*05:01:01,DQB1*02:01:01/DQB1*06:02:01,DRB1*03:01:01/DRB1*15:01:01,DRB3*01:01:02,-,DRB5*01:01:01
CASSPHRNTEAFF,TRB,HomoSapiens,RPHERNGFTVL,pp65,CMV,0,TRBV4-3,TRBJ1-1,4,7,HLA-B*07:02,B2M,MHCI,PMID:22323539,1,HomoSapiens,TRB,CMV,TRBV4-3,TRBJ1-1,IBM5:Blood,443,105,SPH%NTE,,2.50E-05,2,2,3.90E-09,0.32,0.001,0.43,0.001,0.029,global-SPH%NTE,CASSPhrNTEAFF,TRBV4-3,TRBJ1-1,IBM5:Blood,443,A*03:01:01/A*03:01:01,B*07:02:01/B*39:01:01,C*07:02:01/C*12:03:01,-,DPB1*02:01:02/DPB1*04:01:01,DQA1*01:02:01/DQA1*05:01:01,DQB1*02:01:01/DQB1*06:02:01,DRB1*03:01:01/DRB1*15:01:01,DRB3*01:01:02,-,DRB5*01:01:01
CASSPHRNTEAFF,TRB,HomoSapiens,TPRVTGGGAM,pp65,CMV,0,TRBV4-3,TRBJ1-1,4,7,HLA-B*07:02,B2M,MHCI,PMID:28636589,0,HomoSapiens,TRB,CMV,TRBV4-3,TRBJ1-1,IBM5:Blood,443,105,SPH%NTE,,2.50E-05,2,2,3.90E-09,0.32,0.001,0.43,0.001,0.029,global-SPH%NTE,CASSPhrNTEAFF,TRBV4-3,TRBJ1-1,IBM5:Blood,443,A*03:01:01/A*03:01:01,B*07:02:01/B*39:01:01,C*07:02:01/C*12:03:01,-,DPB1*02:01:02/DPB1*04:01:01,DQA1*01:02:01/DQA1*05:01:01,DQB1*02:01:01/DQB1*06:02:01,DRB1*03:01:01/DRB1*15:01:01,DRB3*01:01:02,-,DRB5*01:01:01
CASSPQRNTEAFF,TRB,HomoSapiens,RPHERNGFTVL,pp65,CMV,0,TRBV4-3,TRBJ1-1,4,7,HLA-B*07:02,B2M,MHCI,PMID:22323539,1,HomoSapiens,TRB,CMV,TRBV4-3,TRBJ1-1,IBM5:Blood,1305,9,SPQ%NTE,,2.70E-15,2,7,6.00E-12,0.32,0.001,0.022,0.001,0.00086,global-SPQ%NTE,CASSPqrNTEAFF,TRBV4-3,TRBJ1-1,IBM7:Blood,25462,A*01:01:01/A*03:01:01,B*08:01:01/B*35:01:01,C*07:01:01/C*07:02:01,-,DPB1*04:01:01/DPB1*04:01:01,DQA1*01:01:01/DQA1*05:01:01,DQB1*02:01:01/DQB1*05:01:01,DRB1*01:01:01/DRB1*03:01:01,DRB3*01:01:02,-,-
CASSPQRNTEAFF,TRB,HomoSapiens,RPHERNGFTVL,pp65,CMV,0,TRBV4-3,TRBJ1-1,4,7,HLA-B*07:02,B2M,MHCI,PMID:22323539,1,HomoSapiens,TRB,CMV,TRBV4-3,TRBJ1-1,IBM5:Blood,1305,9,SPQ%NTE,,2.70E-15,2,7,6.00E-12,0.32,0.001,0.022,0.001,0.00086,global-SPQ%NTE,CASSPqrNTEAFF,TRBV4-3,TRBJ1-1,IBM7:Blood,2,A*01:01:01/A*03:01:01,B*08:01:01/B*35:01:01,C*07:01:01/C*07:02:01,-,DPB1*04:01:01/DPB1*04:01:01,DQA1*01:01:01/DQA1*05:01:01,DQB1*02:01:01/DQB1*05:01:01,DRB1*01:01:01/DRB1*03:01:01,DRB3*01:01:02,-,-
CASSPQRNTEAFF,TRB,HomoSapiens,RPHERNGFTVL,pp65,CMV,0,TRBV4-3,TRBJ1-1,4,7,HLA-B*07:02,B2M,MHCI,PMID:22323539,1,HomoSapiens,TRB,CMV,TRBV4-3,TRBJ1-1,IBM5:Blood,1305,9,SPQ%NTE,,2.70E-15,2,7,6.00E-12,0.32,0.001,0.022,0.001,0.00086,global-SPQ%NTE,CASSPqrNTEAFF,TRBV4-3,TRBJ1-1,IBM5:Blood,1305,A*03:01:01/A*03:01:01,B*07:02:01/B*39:01:01,C*07:02:01/C*12:03:01,-,DPB1*02:01:02/DPB1*04:01:01,DQA1*01:02:01/DQA1*05:01:01,DQB1*02:01:01/DQB1*06:02:01,DRB1*03:01:01/DRB1*15:01:01,DRB3*01:01:02,-,DRB5*01:01:01
CASSPQRNTEAFF,TRB,HomoSapiens,TPRVTGGGAM,pp65,CMV,0,TRBV4-3,TRBJ1-1,4,7,HLA-B*07:02,B2M,MHCI,PMID:28636589,0,HomoSapiens,TRB,CMV,TRBV4-3,TRBJ1-1,IBM5:Blood,1305,9,SPQ%NTE,,2.70E-15,2,7,6.00E-12,0.32,0.001,0.022,0.001,0.00086,global-SPQ%NTE,CASSPqrNTEAFF,TRBV4-3,TRBJ1-1,IBM7:Blood,25462,A*01:01:01/A*03:01:01,B*08:01:01/B*35:01:01,C*07:01:01/C*07:02:01,-,DPB1*04:01:01/DPB1*04:01:01,DQA1*01:01:01/DQA1*05:01:01,DQB1*02:01:01/DQB1*05:01:01,DRB1*01:01:01/DRB1*03:01:01,DRB3*01:01:02,-,-
CASSPQRNTEAFF,TRB,HomoSapiens,TPRVTGGGAM,pp65,CMV,0,TRBV4-3,TRBJ1-1,4,7,HLA-B*07:02,B2M,MHCI,PMID:28636589,0,HomoSapiens,TRB,CMV,TRBV4-3,TRBJ1-1,IBM5:Blood,1305,9,SPQ%NTE,,2.70E-15,2,7,6.00E-12,0.32,0.001,0.022,0.001,0.00086,global-SPQ%NTE,CASSPqrNTEAFF,TRBV4-3,TRBJ1-1,IBM7:Blood,2,A*01:01:01/A*03:01:01,B*08:01:01/B*35:01:01,C*07:01:01/C*07:02:01,-,DPB1*04:01:01/DPB1*04:01:01,DQA1*01:01:01/DQA1*05:01:01,DQB1*02:01:01/DQB1*05:01:01,DRB1*01:01:01/DRB1*03:01:01,DRB3*01:01:02,-,-
CASSPQRNTEAFF,TRB,HomoSapiens,TPRVTGGGAM,pp65,CMV,0,TRBV4-3,TRBJ1-1,4,7,HLA-B*07:02,B2M,MHCI,PMID:28636589,0,HomoSapiens,TRB,CMV,TRBV4-3,TRBJ1-1,IBM5:Blood,1305,9,SPQ%NTE,,2.70E-15,2,7,6.00E-12,0.32,0.001,0.022,0.001,0.00086,global-SPQ%NTE,CASSPqrNTEAFF,TRBV4-3,TRBJ1-1,IBM5:Blood,1305,A*03:01:01/A*03:01:01,B*07:02:01/B*39:01:01,C*07:02:01/C*12:03:01,-,DPB1*02:01:02/DPB1*04:01:01,DQA1*01:02:01/DQA1*05:01:01,DQB1*02:01:01/DQB1*06:02:01,DRB1*03:01:01/DRB1*15:01:01,DRB3*01:01:02,-,DRB5*01:01:01
CASSPQRNTEAFF,TRB,HomoSapiens,RPHERNGFTVL,pp65,CMV,0,TRBV4-3,TRBJ1-1,4,7,HLA-B*07:02,B2M,MHCI,PMID:22323539,1,HomoSapiens,TRB,CMV,TRBV4-3,TRBJ1-1,IBM5:Blood,1305,70,QRNT,,1.80E-07,3,4,5.00E-11,0.24,0.001,0.009,0.01,0.0023,motif-QRNT,CASSPqrNTEAFF,TRBV4-3,TRBJ1-1,IBM5:Blood,1305,A*03:01:01/A*03:01:01,B*07:02:01/B*39:01:01,C*07:02:01/C*12:03:01,-,DPB1*02:01:02/DPB1*04:01:01,DQA1*01:02:01/DQA1*05:01:01,DQB1*02:01:01/DQB1*06:02:01,DRB1*03:01:01/DRB1*15:01:01,DRB3*01:01:02,-,DRB5*01:01:01
CASSPQRNTEAFF,TRB,HomoSapiens,RPHERNGFTVL,pp65,CMV,0,TRBV4-3,TRBJ1-1,4,7,HLA-B*07:02,B2M,MHCI,PMID:22323539,1,HomoSapiens,TRB,CMV,TRBV4-3,TRBJ1-1,IBM5:Blood,1305,70,QRNT,,1.80E-07,3,4,5.00E-11,0.24,0.001,0.009,0.01,0.0023,motif-QRNT,CASSPqrNTEAFF,TRBV4-3,TRBJ1-1,IBM7:Blood,2,A*01:01:01/A*03:01:01,B*08:01:01/B*35:01:01,C*07:01:01/C*07:02:01,-,DPB1*04:01:01/DPB1*04:01:01,DQA1*01:01:01/DQA1*05:01:01,DQB1*02:01:01/DQB1*05:01:01,DRB1*01:01:01/DRB1*03:01:01,DRB3*01:01:02,-,-
CASSPQRNTEAFF,TRB,HomoSapiens,RPHERNGFTVL,pp65,CMV,0,TRBV4-3,TRBJ1-1,4,7,HLA-B*07:02,B2M,MHCI,PMID:22323539,1,HomoSapiens,TRB,CMV,TRBV4-3,TRBJ1-1,IBM5:Blood,1305,70,QRNT,,1.80E-07,3,4,5.00E-11,0.24,0.001,0.009,0.01,0.0023,motif-QRNT,CASSPqrNTEAFF,TRBV4-3,TRBJ1-1,IBM7:Blood,25462,A*01:01:01/A*03:01:01,B*08:01:01/B*35:01:01,C*07:01:01/C*07:02:01,-,DPB1*04:01:01/DPB1*04:01:01,DQA1*01:01:01/DQA1*05:01:01,DQB1*02:01:01/DQB1*05:01:01,DRB1*01:01:01/DRB1*03:01:01,DRB3*01:01:02,-,-
CASSPQRNTEAFF,TRB,HomoSapiens,TPRVTGGGAM,pp65,CMV,0,TRBV4-3,TRBJ1-1,4,7,HLA-B*07:02,B2M,MHCI,PMID:28636589,0,HomoSapiens,TRB,CMV,TRBV4-3,TRBJ1-1,IBM5:Blood,1305,70,QRNT,,1.80E-07,3,4,5.00E-11,0.24,0.001,0.009,0.01,0.0023,motif-QRNT,CASSPqrNTEAFF,TRBV4-3,TRBJ1-1,IBM5:Blood,1305,A*03:01:01/A*03:01:01,B*07:02:01/B*39:01:01,C*07:02:01/C*12:03:01,-,DPB1*02:01:02/DPB1*04:01:01,DQA1*01:02:01/DQA1*05:01:01,DQB1*02:01:01/DQB1*06:02:01,DRB1*03:01:01/DRB1*15:01:01,DRB3*01:01:02,-,DRB5*01:01:01
CASSPQRNTEAFF,TRB,HomoSapiens,TPRVTGGGAM,pp65,CMV,0,TRBV4-3,TRBJ1-1,4,7,HLA-B*07:02,B2M,MHCI,PMID:28636589,0,HomoSapiens,TRB,CMV,TRBV4-3,TRBJ1-1,IBM5:Blood,1305,70,QRNT,,1.80E-07,3,4,5.00E-11,0.24,0.001,0.009,0.01,0.0023,motif-QRNT,CASSPqrNTEAFF,TRBV4-3,TRBJ1-1,IBM7:Blood,2,A*01:01:01/A*03:01:01,B*08:01:01/B*35:01:01,C*07:01:01/C*07:02:01,-,DPB1*04:01:01/DPB1*04:01:01,DQA1*01:01:01/DQA1*05:01:01,DQB1*02:01:01/DQB1*05:01:01,DRB1*01:01:01/DRB1*03:01:01,DRB3*01:01:02,-,-
CASSPQRNTEAFF,TRB,HomoSapiens,TPRVTGGGAM,pp65,CMV,0,TRBV4-3,TRBJ1-1,4,7,HLA-B*07:02,B2M,MHCI,PMID:28636589,0,HomoSapiens,TRB,CMV,TRBV4-3,TRBJ1-1,IBM5:Blood,1305,70,QRNT,,1.80E-07,3,4,5.00E-11,0.24,0.001,0.009,0.01,0.0023,motif-QRNT,CASSPqrNTEAFF,TRBV4-3,TRBJ1-1,IBM7:Blood,25462,A*01:01:01/A*03:01:01,B*08:01:01/B*35:01:01,C*07:01:01/C*07:02:01,-,DPB1*04:01:01/DPB1*04:01:01,DQA1*01:01:01/DQA1*05:01:01,DQB1*02:01:01/DQB1*05:01:01,DRB1*01:01:01/DRB1*03:01:01,DRB3*01:01:02,-,-
CASSPQRNTEAFF,TRB,HomoSapiens,RPHERNGFTVL,pp65,CMV,0,TRBV4-3,TRBJ1-1,4,7,HLA-B*07:02,B2M,MHCI,PMID:22323539,1,HomoSapiens,TRB,CMV,TRBV4-3,TRBJ1-1,IBM5:Blood,1305,42,SPQR,,1.30E-09,2,5,6.50E-12,0.32,0.001,0.014,0.001,0.0015,motif-SPQR,CASSPqrNTEAFF,TRBV4-3,TRBJ1-1,IBM5:Blood,1305,A*03:01:01/A*03:01:01,B*07:02:01/B*39:01:01,C*07:02:01/C*12:03:01,-,DPB1*02:01:02/DPB1*04:01:01,DQA1*01:02:01/DQA1*05:01:01,DQB1*02:01:01/DQB1*06:02:01,DRB1*03:01:01/DRB1*15:01:01,DRB3*01:01:02,-,DRB5*01:01:01
CASSPQRNTEAFF,TRB,HomoSapiens,RPHERNGFTVL,pp65,CMV,0,TRBV4-3,TRBJ1-1,4,7,HLA-B*07:02,B2M,MHCI,PMID:22323539,1,HomoSapiens,TRB,CMV,TRBV4-3,TRBJ1-1,IBM5:Blood,1305,42,SPQR,,1.30E-09,2,5,6.50E-12,0.32,0.001,0.014,0.001,0.0015,motif-SPQR,CASSPqrNTEAFF,TRBV4-3,TRBJ1-1,IBM7:Blood,25462,A*01:01:01/A*03:01:01,B*08:01:01/B*35:01:01,C*07:01:01/C*07:02:01,-,DPB1*04:01:01/DPB1*04:01:01,DQA1*01:01:01/DQA1*05:01:01,DQB1*02:01:01/DQB1*05:01:01,DRB1*01:01:01/DRB1*03:01:01,DRB3*01:01:02,-,-
CASSPQRNTEAFF,TRB,HomoSapiens,RPHERNGFTVL,pp65,CMV,0,TRBV4-3,TRBJ1-1,4,7,HLA-B*07:02,B2M,MHCI,PMID:22323539,1,HomoSapiens,TRB,CMV,TRBV4-3,TRBJ1-1,IBM5:Blood,1305,42,SPQR,,1.30E-09,2,5,6.50E-12,0.32,0.001,0.014,0.001,0.0015,motif-SPQR,CASSPqrNTEAFF,TRBV4-3,TRBJ1-1,IBM7:Blood,2,A*01:01:01/A*03:01:01,B*08:01:01/B*35:01:01,C*07:01:01/C*07:02:01,-,DPB1*04:01:01/DPB1*04:01:01,DQA1*01:01:01/DQA1*05:01:01,DQB1*02:01:01/DQB1*05:01:01,DRB1*01:01:01/DRB1*03:01:01,DRB3*01:01:02,-,-
CASSPQRNTEAFF,TRB,HomoSapiens,TPRVTGGGAM,pp65,CMV,0,TRBV4-3,TRBJ1-1,4,7,HLA-B*07:02,B2M,MHCI,PMID:28636589,0,HomoSapiens,TRB,CMV,TRBV4-3,TRBJ1-1,IBM5:Blood,1305,42,SPQR,,1.30E-09,2,5,6.50E-12,0.32,0.001,0.014,0.001,0.0015,motif-SPQR,CASSPqrNTEAFF,TRBV4-3,TRBJ1-1,IBM5:Blood,1305,A*03:01:01/A*03:01:01,B*07:02:01/B*39:01:01,C*07:02:01/C*12:03:01,-,DPB1*02:01:02/DPB1*04:01:01,DQA1*01:02:01/DQA1*05:01:01,DQB1*02:01:01/DQB1*06:02:01,DRB1*03:01:01/DRB1*15:01:01,DRB3*01:01:02,-,DRB5*01:01:01
CASSPQRNTEAFF,TRB,HomoSapiens,TPRVTGGGAM,pp65,CMV,0,TRBV4-3,TRBJ1-1,4,7,HLA-B*07:02,B2M,MHCI,PMID:28636589,0,HomoSapiens,TRB,CMV,TRBV4-3,TRBJ1-1,IBM5:Blood,1305,42,SPQR,,1.30E-09,2,5,6.50E-12,0.32,0.001,0.014,0.001,0.0015,motif-SPQR,CASSPqrNTEAFF,TRBV4-3,TRBJ1-1,IBM7:Blood,25462,A*01:01:01/A*03:01:01,B*08:01:01/B*35:01:01,C*07:01:01/C*07:02:01,-,DPB1*04:01:01/DPB1*04:01:01,DQA1*01:01:01/DQA1*05:01:01,DQB1*02:01:01/DQB1*05:01:01,DRB1*01:01:01/DRB1*03:01:01,DRB3*01:01:02,-,-
CASSPQRNTEAFF,TRB,HomoSapiens,TPRVTGGGAM,pp65,CMV,0,TRBV4-3,TRBJ1-1,4,7,HLA-B*07:02,B2M,MHCI,PMID:28636589,0,HomoSapiens,TRB,CMV,TRBV4-3,TRBJ1-1,IBM5:Blood,1305,42,SPQR,,1.30E-09,2,5,6.50E-12,0.32,0.001,0.014,0.001,0.0015,motif-SPQR,CASSPqrNTEAFF,TRBV4-3,TRBJ1-1,IBM7:Blood,2,A*01:01:01/A*03:01:01,B*08:01:01/B*35:01:01,C*07:01:01/C*07:02:01,-,DPB1*04:01:01/DPB1*04:01:01,DQA1*01:01:01/DQA1*05:01:01,DQB1*02:01:01/DQB1*05:01:01,DRB1*01:01:01/DRB1*03:01:01,DRB3*01:01:02,-,-
CASSPQRNTEAFF,TRB,HomoSapiens,RPHERNGFTVL,pp65,CMV,0,TRBV4-3,TRBJ1-1,4,7,HLA-B*07:02,B2M,MHCI,PMID:22323539,1,HomoSapiens,TRB,CMV,TRBV4-3,TRBJ1-1,IBM5:Blood,1305,36,SPQR%TE,,6.20E-10,2,4,1.70E-11,0.32,0.001,0.023,0.001,0.0023,motif-SPQR global-SPQR%TE,CASSPqrNTEAFF,TRBV4-3,TRBJ1-1,IBM5:Blood,1305,A*03:01:01/A*03:01:01,B*07:02:01/B*39:01:01,C*07:02:01/C*12:03:01,-,DPB1*02:01:02/DPB1*04:01:01,DQA1*01:02:01/DQA1*05:01:01,DQB1*02:01:01/DQB1*06:02:01,DRB1*03:01:01/DRB1*15:01:01,DRB3*01:01:02,-,DRB5*01:01:01
CASSPQRNTEAFF,TRB,HomoSapiens,RPHERNGFTVL,pp65,CMV,0,TRBV4-3,TRBJ1-1,4,7,HLA-B*07:02,B2M,MHCI,PMID:22323539,1,HomoSapiens,TRB,CMV,TRBV4-3,TRBJ1-1,IBM5:Blood,1305,36,SPQR%TE,,6.20E-10,2,4,1.70E-11,0.32,0.001,0.023,0.001,0.0023,motif-SPQR global-SPQR%TE,CASSPqrNTEAFF,TRBV4-3,TRBJ1-1,IBM7:Blood,2,A*01:01:01/A*03:01:01,B*08:01:01/B*35:01:01,C*07:01:01/C*07:02:01,-,DPB1*04:01:01/DPB1*04:01:01,DQA1*01:01:01/DQA1*05:01:01,DQB1*02:01:01/DQB1*05:01:01,DRB1*01:01:01/DRB1*03:01:01,DRB3*01:01:02,-,-
CASSPQRNTEAFF,TRB,HomoSapiens,RPHERNGFTVL,pp65,CMV,0,TRBV4-3,TRBJ1-1,4,7,HLA-B*07:02,B2M,MHCI,PMID:22323539,1,HomoSapiens,TRB,CMV,TRBV4-3,TRBJ1-1,IBM5:Blood,1305,36,SPQR%TE,,6.20E-10,2,4,1.70E-11,0.32,0.001,0.023,0.001,0.0023,motif-SPQR global-SPQR%TE,CASSPqrNTEAFF,TRBV4-3,TRBJ1-1,IBM7:Blood,25462,A*01:01:01/A*03:01:01,B*08:01:01/B*35:01:01,C*07:01:01/C*07:02:01,-,DPB1*04:01:01/DPB1*04:01:01,DQA1*01:01:01/DQA1*05:01:01,DQB1*02:01:01/DQB1*05:01:01,DRB1*01:01:01/DRB1*03:01:01,DRB3*01:01:02,-,-
CASSPQRNTEAFF,TRB,HomoSapiens,TPRVTGGGAM,pp65,CMV,0,TRBV4-3,TRBJ1-1,4,7,HLA-B*07:02,B2M,MHCI,PMID:28636589,0,HomoSapiens,TRB,CMV,TRBV4-3,TRBJ1-1,IBM5:Blood,1305,36,SPQR%TE,,6.20E-10,2,4,1.70E-11,0.32,0.001,0.023,0.001,0.0023,motif-SPQR global-SPQR%TE,CASSPqrNTEAFF,TRBV4-3,TRBJ1-1,IBM5:Blood,1305,A*03:01:01/A*03:01:01,B*07:02:01/B*39:01:01,C*07:02:01/C*12:03:01,-,DPB1*02:01:02/DPB1*04:01:01,DQA1*01:02:01/DQA1*05:01:01,DQB1*02:01:01/DQB1*06:02:01,DRB1*03:01:01/DRB1*15:01:01,DRB3*01:01:02,-,DRB5*01:01:01
CASSPQRNTEAFF,TRB,HomoSapiens,TPRVTGGGAM,pp65,CMV,0,TRBV4-3,TRBJ1-1,4,7,HLA-B*07:02,B2M,MHCI,PMID:28636589,0,HomoSapiens,TRB,CMV,TRBV4-3,TRBJ1-1,IBM5:Blood,1305,36,SPQR%TE,,6.20E-10,2,4,1.70E-11,0.32,0.001,0.023,0.001,0.0023,motif-SPQR global-SPQR%TE,CASSPqrNTEAFF,TRBV4-3,TRBJ1-1,IBM7:Blood,2,A*01:01:01/A*03:01:01,B*08:01:01/B*35:01:01,C*07:01:01/C*07:02:01,-,DPB1*04:01:01/DPB1*04:01:01,DQA1*01:01:01/DQA1*05:01:01,DQB1*02:01:01/DQB1*05:01:01,DRB1*01:01:01/DRB1*03:01:01,DRB3*01:01:02,-,-
CASSPQRNTEAFF,TRB,HomoSapiens,TPRVTGGGAM,pp65,CMV,0,TRBV4-3,TRBJ1-1,4,7,HLA-B*07:02,B2M,MHCI,PMID:28636589,0,HomoSapiens,TRB,CMV,TRBV4-3,TRBJ1-1,IBM5:Blood,1305,36,SPQR%TE,,6.20E-10,2,4,1.70E-11,0.32,0.001,0.023,0.001,0.0023,motif-SPQR global-SPQR%TE,CASSPqrNTEAFF,TRBV4-3,TRBJ1-1,IBM7:Blood,25462,A*01:01:01/A*03:01:01,B*08:01:01/B*35:01:01,C*07:01:01/C*07:02:01,-,DPB1*04:01:01/DPB1*04:01:01,DQA1*01:01:01/DQA1*05:01:01,DQB1*02:01:01/DQB1*05:01:01,DRB1*01:01:01/DRB1*03:01:01,DRB3*01:01:02,-,-
CASSPQRNTEAFF,TRB,HomoSapiens,RPHERNGFTVL,pp65,CMV,0,TRBV4-3,TRBJ1-1,4,7,HLA-B*07:02,B2M,MHCI,PMID:22323539,1,HomoSapiens,TRB,CMV,TRBV4-3,TRBJ1-1,IBM5:Blood,1305,31,SPQRN%E,,6.20E-10,2,4,1.10E-11,0.32,0.001,0.015,0.001,0.0023,motif-SPQR motif-PQRN global-SPQRN%E,CASSPqrNTEAFF,TRBV4-3,TRBJ1-1,IBM7:Blood,2,A*01:01:01/A*03:01:01,B*08:01:01/B*35:01:01,C*07:01:01/C*07:02:01,-,DPB1*04:01:01/DPB1*04:01:01,DQA1*01:01:01/DQA1*05:01:01,DQB1*02:01:01/DQB1*05:01:01,DRB1*01:01:01/DRB1*03:01:01,DRB3*01:01:02,-,-
CASSPQRNTEAFF,TRB,HomoSapiens,RPHERNGFTVL,pp65,CMV,0,TRBV4-3,TRBJ1-1,4,7,HLA-B*07:02,B2M,MHCI,PMID:22323539,1,HomoSapiens,TRB,CMV,TRBV4-3,TRBJ1-1,IBM5:Blood,1305,44,PQRN,,2.30E-09,2,4,1.00E-11,0.32,0.001,0.014,0.001,0.0023,motif-SPQR motif-PQRN global-SPQRN%E,CASSPqrNTEAFF,TRBV4-3,TRBJ1-1,IBM7:Blood,2,A*01:01:01/A*03:01:01,B*08:01:01/B*35:01:01,C*07:01:01/C*07:02:01,-,DPB1*04:01:01/DPB1*04:01:01,DQA1*01:01:01/DQA1*05:01:01,DQB1*02:01:01/DQB1*05:01:01,DRB1*01:01:01/DRB1*03:01:01,DRB3*01:01:02,-,-
CASSPQRNTEAFF,TRB,HomoSapiens,RPHERNGFTVL,pp65,CMV,0,TRBV4-3,TRBJ1-1,4,7,HLA-B*07:02,B2M,MHCI,PMID:22323539,1,HomoSapiens,TRB,CMV,TRBV4-3,TRBJ1-1,IBM5:Blood,1305,44,PQRN,,2.30E-09,2,4,1.00E-11,0.32,0.001,0.014,0.001,0.0023,motif-SPQR motif-PQRN global-SPQRN%E,CASSPqrNTEAFF,TRBV4-3,TRBJ1-1,IBM7:Blood,25462,A*01:01:01/A*03:01:01,B*08:01:01/B*35:01:01,C*07:01:01/C*07:02:01,-,DPB1*04:01:01/DPB1*04:01:01,DQA1*01:01:01/DQA1*05:01:01,DQB1*02:01:01/DQB1*05:01:01,DRB1*01:01:01/DRB1*03:01:01,DRB3*01:01:02,-,-
CASSPQRNTEAFF,TRB,HomoSapiens,RPHERNGFTVL,pp65,CMV,0,TRBV4-3,TRBJ1-1,4,7,HLA-B*07:02,B2M,MHCI,PMID:22323539,1,HomoSapiens,TRB,CMV,TRBV4-3,TRBJ1-1,IBM5:Blood,1305,31,SPQRN%E,,6.20E-10,2,4,1.10E-11,0.32,0.001,0.015,0.001,0.0023,motif-SPQR motif-PQRN global-SPQRN%E,CASSPqrNTEAFF,TRBV4-3,TRBJ1-1,IBM5:Blood,1305,A*03:01:01/A*03:01:01,B*07:02:01/B*39:01:01,C*07:02:01/C*12:03:01,-,DPB1*02:01:02/DPB1*04:01:01,DQA1*01:02:01/DQA1*05:01:01,DQB1*02:01:01/DQB1*06:02:01,DRB1*03:01:01/DRB1*15:01:01,DRB3*01:01:02,-,DRB5*01:01:01
CASSPQRNTEAFF,TRB,HomoSapiens,RPHERNGFTVL,pp65,CMV,0,TRBV4-3,TRBJ1-1,4,7,HLA-B*07:02,B2M,MHCI,PMID:22323539,1,HomoSapiens,TRB,CMV,TRBV4-3,TRBJ1-1,IBM5:Blood,1305,31,SPQRN%E,,6.20E-10,2,4,1.10E-11,0.32,0.001,0.015,0.001,0.0023,motif-SPQR motif-PQRN global-SPQRN%E,CASSPqrNTEAFF,TRBV4-3,TRBJ1-1,IBM7:Blood,25462,A*01:01:01/A*03:01:01,B*08:01:01/B*35:01:01,C*07:01:01/C*07:02:01,-,DPB1*04:01:01/DPB1*04:01:01,DQA1*01:01:01/DQA1*05:01:01,DQB1*02:01:01/DQB1*05:01:01,DRB1*01:01:01/DRB1*03:01:01,DRB3*01:01:02,-,-
CASSPQRNTEAFF,TRB,HomoSapiens,RPHERNGFTVL,pp65,CMV,0,TRBV4-3,TRBJ1-1,4,7,HLA-B*07:02,B2M,MHCI,PMID:22323539,1,HomoSapiens,TRB,CMV,TRBV4-3,TRBJ1-1,IBM5:Blood,1305,44,PQRN,,2.30E-09,2,4,1.00E-11,0.32,0.001,0.014,0.001,0.0023,motif-SPQR motif-PQRN global-SPQRN%E,CASSPqrNTEAFF,TRBV4-3,TRBJ1-1,IBM5:Blood,1305,A*03:01:01/A*03:01:01,B*07:02:01/B*39:01:01,C*07:02:01/C*12:03:01,-,DPB1*02:01:02/DPB1*04:01:01,DQA1*01:02:01/DQA1*05:01:01,DQB1*02:01:01/DQB1*06:02:01,DRB1*03:01:01/DRB1*15:01:01,DRB3*01:01:02,-,DRB5*01:01:01
CASSPQRNTEAFF,TRB,HomoSapiens,TPRVTGGGAM,pp65,CMV,0,TRBV4-3,TRBJ1-1,4,7,HLA-B*07:02,B2M,MHCI,PMID:28636589,0,HomoSapiens,TRB,CMV,TRBV4-3,TRBJ1-1,IBM5:Blood,1305,31,SPQRN%E,PQRN,6.20E-10,2,4,1.10E-11,0.32,0.001,0.015,0.001,0.0023,motif-SPQR motif-PQRN global-SPQRN%E,CASSPqrNTEAFF,TRBV4-3,TRBJ1-1,IBM7:Blood,25462,A*01:01:01/A*03:01:01,B*08:01:01/B*35:01:01,C*07:01:01/C*07:02:01,-,DPB1*04:01:01/DPB1*04:01:01,DQA1*01:01:01/DQA1*05:01:01,DQB1*02:01:01/DQB1*05:01:01,DRB1*01:01:01/DRB1*03:01:01,DRB3*01:01:02,-,-
CASSTDSYEQYF,TRB,HomoSapiens,GILGFVFTL,M,InfluenzaA,0,TRBV19-1*01,TRBJ2-7*01,4,6,HLA-A*02:01,B2M,MHCI,PMID:25609818,0,HomoSapiens,TRB,InfluenzaA,TRBV7-9,TRBJ2-7,IBM7:Blood,2,167,S%DSYE,,0.0069,2,2,5.70E-08,0.045,0.058,0.75,0.001,0.029,global-S%DSYE,CASStdSYEQYF,TRBV7-9,TRBJ2-7,IBM7:Blood,2,A*01:01:01/A*03:01:01,B*08:01:01/B*35:01:01!,C*07:01:01/C*07:02:01,-,DPB1*04:01:01/DPB1*04:01:01,DQA1*01:01:01/DQA1*05:01:01,DQB1*02:01:01/DQB1*05:01:01,DRB1*01:01:01/DRB1*03:01:01,DRB3*01:01:02,-,-
CASSLGDSYEQYF,TRB,HomoSapiens,NLVPMVATV,pp65,CMV,0,TRBV27,TRBJ2-7,5,7,HLA-A*02,B2M,MHCI,PMID:28423320,0,HomoSapiens,TRB,CMV,TRBV7-9,TRBJ2-7,IBM7:Blood,3753,162,SLG%SYE,,0.0012,3,3,2.10E-10,0.13,0.003,0.089,0.001,0.0062,global-SLG%SYE,CASSLgdSYEQYF,TRBV7-9,TRBJ2-7,IBM7:Blood,3753,A*01:01:01/A*03:01:01,B*08:01:01/B*35:01:01,C*07:01:01/C*07:02:01,-,DPB1*04:01:01/DPB1*04:01:01,DQA1*01:01:01/DQA1*05:01:01,DQB1*02:01:01/DQB1*05:01:01,DRB1*01:01:01/DRB1*03:01:01,DRB3*01:01:02,-,-
CASSPQRNTEAFF,TRB,HomoSapiens,TPRVTGGGAM,pp65,CMV,0,TRBV4-3,TRBJ1-1,4,7,HLA-B*07:02,B2M,MHCI,PMID:28636589,0,HomoSapiens,TRB,CMV,TRBV4-3,TRBJ1-1,IBM7:Blood,2,14,SP%RNTE,,1.10E-13,2,8,5.80E-12,0.32,0.001,0.022,0.001,0.00083,global-SP%RNTE,CASSPqrNTEAFF,TRBV4-3,TRBJ1-1,IBM5:Blood,1305,A*03:01:01/A*03:01:01,B*07:02:01/B*39:01:01,C*07:02:01/C*12:03:01,-,DPB1*02:01:02/DPB1*04:01:01,DQA1*01:02:01/DQA1*05:01:01,DQB1*02:01:01/DQB1*06:02:01,DRB1*03:01:01/DRB1*15:01:01,DRB3*01:01:02,-,DRB5*01:01:01
CASSPQRNTEAFF,TRB,HomoSapiens,TPRVTGGGAM,pp65,CMV,0,TRBV4-3,TRBJ1-1,4,7,HLA-B*07:02,B2M,MHCI,PMID:28636589,0,HomoSapiens,TRB,CMV,TRBV4-3,TRBJ1-1,IBM7:Blood,2,14,SP%RNTE,,1.10E-13,2,8,5.80E-12,0.32,0.001,0.022,0.001,0.00083,global-SP%RNTE,CASSPqrNTEAFF,TRBV4-3,TRBJ1-1,IBM7:Blood,2,A*01:01:01/A*03:01:01,B*08:01:01/B*35:01:01,C*07:01:01/C*07:02:01,-,DPB1*04:01:01/DPB1*04:01:01,DQA1*01:01:01/DQA1*05:01:01,DQB1*02:01:01/DQB1*05:01:01,DRB1*01:01:01/DRB1*03:01:01,DRB3*01:01:02,-,-
CASSPQRNTEAFF,TRB,HomoSapiens,TPRVTGGGAM,pp65,CMV,0,TRBV4-3,TRBJ1-1,4,7,HLA-B*07:02,B2M,MHCI,PMID:28636589,0,HomoSapiens,TRB,CMV,TRBV4-3,TRBJ1-1,IBM7:Blood,2,14,SP%RNTE,,1.10E-13,2,8,5.80E-12,0.32,0.001,0.022,0.001,0.00083,global-SP%RNTE,CASSPqrNTEAFF,TRBV4-3,TRBJ1-1,IBM7:Blood,25462,A*01:01:01/A*03:01:01,B*08:01:01/B*35:01:01,C*07:01:01/C*07:02:01,-,DPB1*04:01:01/DPB1*04:01:01,DQA1*01:01:01/DQA1*05:01:01,DQB1*02:01:01/DQB1*05:01:01,DRB1*01:01:01/DRB1*03:01:01,DRB3*01:01:02,-,-
CASSPQRNTEAFF,TRB,HomoSapiens,RPHERNGFTVL,pp65,CMV,0,TRBV4-3,TRBJ1-1,4,7,HLA-B*07:02,B2M,MHCI,PMID:22323539,1,HomoSapiens,TRB,CMV,TRBV4-3,TRBJ1-1,IBM7:Blood,2,14,SP%RNTE,,1.10E-13,2,8,5.80E-12,0.32,0.001,0.022,0.001,0.00083,global-SP%RNTE,CASSPqrNTEAFF,TRBV4-3,TRBJ1-1,IBM5:Blood,1305,A*03:01:01/A*03:01:01,B*07:02:01/B*39:01:01,C*07:02:01/C*12:03:01,-,DPB1*02:01:02/DPB1*04:01:01,DQA1*01:02:01/DQA1*05:01:01,DQB1*02:01:01/DQB1*06:02:01,DRB1*03:01:01/DRB1*15:01:01,DRB3*01:01:02,-,DRB5*01:01:01
CASSPQRNTEAFF,TRB,HomoSapiens,RPHERNGFTVL,pp65,CMV,0,TRBV4-3,TRBJ1-1,4,7,HLA-B*07:02,B2M,MHCI,PMID:22323539,1,HomoSapiens,TRB,CMV,TRBV4-3,TRBJ1-1,IBM7:Blood,2,14,SP%RNTE,,1.10E-13,2,8,5.80E-12,0.32,0.001,0.022,0.001,0.00083,global-SP%RNTE,CASSPqrNTEAFF,TRBV4-3,TRBJ1-1,IBM7:Blood,2,A*01:01:01/A*03:01:01,B*08:01:01/B*35:01:01,C*07:01:01/C*07:02:01,-,DPB1*04:01:01/DPB1*04:01:01,DQA1*01:01:01/DQA1*05:01:01,DQB1*02:01:01/DQB1*05:01:01,DRB1*01:01:01/DRB1*03:01:01,DRB3*01:01:02,-,-
CASSPQRNTEAFF,TRB,HomoSapiens,RPHERNGFTVL,pp65,CMV,0,TRBV4-3,TRBJ1-1,4,7,HLA-B*07:02,B2M,MHCI,PMID:22323539,1,HomoSapiens,TRB,CMV,TRBV4-3,TRBJ1-1,IBM7:Blood,2,14,SP%RNTE,,1.10E-13,2,8,5.80E-12,0.32,0.001,0.022,0.001,0.00083,global-SP%RNTE,CASSPqrNTEAFF,TRBV4-3,TRBJ1-1,IBM7:Blood,25462,A*01:01:01/A*03:01:01,B*08:01:01/B*35:01:01,C*07:01:01/C*07:02:01,-,DPB1*04:01:01/DPB1*04:01:01,DQA1*01:01:01/DQA1*05:01:01,DQB1*02:01:01/DQB1*05:01:01,DRB1*01:01:01/DRB1*03:01:01,DRB3*01:01:02,-,-
CASSPQRNTEAFF,TRB,HomoSapiens,RPHERNGFTVL,pp65,CMV,0,TRBV4-3,TRBJ1-1,4,7,HLA-B*07:02,B2M,MHCI,PMID:22323539,1,HomoSapiens,TRB,CMV,TRBV4-3,TRBJ1-1,IBM7:Blood,25462,14,SP%RNTE,,1.10E-13,2,8,5.80E-12,0.32,0.001,0.022,0.001,0.00083,global-SP%RNTE,CASSPqrNTEAFF,TRBV4-3,TRBJ1-1,IBM5:Blood,1305,A*03:01:01/A*03:01:01,B*07:02:01/B*39:01:01,C*07:02:01/C*12:03:01,-,DPB1*02:01:02/DPB1*04:01:01,DQA1*01:02:01/DQA1*05:01:01,DQB1*02:01:01/DQB1*06:02:01,DRB1*03:01:01/DRB1*15:01:01,DRB3*01:01:02,-,DRB5*01:01:01
CASSPQRNTEAFF,TRB,HomoSapiens,RPHERNGFTVL,pp65,CMV,0,TRBV4-3,TRBJ1-1,4,7,HLA-B*07:02,B2M,MHCI,PMID:22323539,1,HomoSapiens,TRB,CMV,TRBV4-3,TRBJ1-1,IBM7:Blood,25462,14,SP%RNTE,,1.10E-13,2,8,5.80E-12,0.32,0.001,0.022,0.001,0.00083,global-SP%RNTE,CASSPqrNTEAFF,TRBV4-3,TRBJ1-1,IBM7:Blood,2,A*01:01:01/A*03:01:01,B*08:01:01/B*35:01:01,C*07:01:01/C*07:02:01,-,DPB1*04:01:01/DPB1*04:01:01,DQA1*01:01:01/DQA1*05:01:01,DQB1*02:01:01/DQB1*05:01:01,DRB1*01:01:01/DRB1*03:01:01,DRB3*01:01:02,-,-
CASSPQRNTEAFF,TRB,HomoSapiens,RPHERNGFTVL,pp65,CMV,0,TRBV4-3,TRBJ1-1,4,7,HLA-B*07:02,B2M,MHCI,PMID:22323539,1,HomoSapiens,TRB,CMV,TRBV4-3,TRBJ1-1,IBM7:Blood,25462,14,SP%RNTE,,1.10E-13,2,8,5.80E-12,0.32,0.001,0.022,0.001,0.00083,global-SP%RNTE,CASSPqrNTEAFF,TRBV4-3,TRBJ1-1,IBM7:Blood,25462,A*01:01:01/A*03:01:01,B*08:01:01/B*35:01:01,C*07:01:01/C*07:02:01,-,DPB1*04:01:01/DPB1*04:01:01,DQA1*01:01:01/DQA1*05:01:01,DQB1*02:01:01/DQB1*05:01:01,DRB1*01:01:01/DRB1*03:01:01,DRB3*01:01:02,-,-
CASSPQRNTEAFF,TRB,HomoSapiens,TPRVTGGGAM,pp65,CMV,0,TRBV4-3,TRBJ1-1,4,7,HLA-B*07:02,B2M,MHCI,PMID:28636589,0,HomoSapiens,TRB,CMV,TRBV4-3,TRBJ1-1,IBM7:Blood,25462,14,SP%RNTE,,1.10E-13,2,8,5.80E-12,0.32,0.001,0.022,0.001,0.00083,global-SP%RNTE,CASSPqrNTEAFF,TRBV4-3,TRBJ1-1,IBM5:Blood,1305,A*03:01:01/A*03:01:01,B*07:02:01/B*39:01:01,C*07:02:01/C*12:03:01,-,DPB1*02:01:02/DPB1*04:01:01,DQA1*01:02:01/DQA1*05:01:01,DQB1*02:01:01/DQB1*06:02:01,DRB1*03:01:01/DRB1*15:01:01,DRB3*01:01:02,-,DRB5*01:01:01
CASSPQRNTEAFF,TRB,HomoSapiens,TPRVTGGGAM,pp65,CMV,0,TRBV4-3,TRBJ1-1,4,7,HLA-B*07:02,B2M,MHCI,PMID:28636589,0,HomoSapiens,TRB,CMV,TRBV4-3,TRBJ1-1,IBM7:Blood,25462,14,SP%RNTE,,1.10E-13,2,8,5.80E-12,0.32,0.001,0.022,0.001,0.00083,global-SP%RNTE,CASSPqrNTEAFF,TRBV4-3,TRBJ1-1,IBM7:Blood,2,A*01:01:01/A*03:01:01,B*08:01:01/B*35:01:01,C*07:01:01/C*07:02:01,-,DPB1*04:01:01/DPB1*04:01:01,DQA1*01:01:01/DQA1*05:01:01,DQB1*02:01:01/DQB1*05:01:01,DRB1*01:01:01/DRB1*03:01:01,DRB3*01:01:02,-,-
CASSPQRNTEAFF,TRB,HomoSapiens,TPRVTGGGAM,pp65,CMV,0,TRBV4-3,TRBJ1-1,4,7,HLA-B*07:02,B2M,MHCI,PMID:28636589,0,HomoSapiens,TRB,CMV,TRBV4-3,TRBJ1-1,IBM7:Blood,25462,14,SP%RNTE,,1.10E-13,2,8,5.80E-12,0.32,0.001,0.022,0.001,0.00083,global-SP%RNTE,CASSPqrNTEAFF,TRBV4-3,TRBJ1-1,IBM7:Blood,25462,A*01:01:01/A*03:01:01,B*08:01:01/B*35:01:01,C*07:01:01/C*07:02:01,-,DPB1*04:01:01/DPB1*04:01:01,DQA1*01:01:01/DQA1*05:01:01,DQB1*02:01:01/DQB1*05:01:01,DRB1*01:01:01/DRB1*03:01:01,DRB3*01:01:02,-,-
CASSPQRNTEAFF,TRB,HomoSapiens,TPRVTGGGAM,pp65,CMV,0,TRBV4-3,TRBJ1-1,4,7,HLA-B*07:02,B2M,MHCI,PMID:28636589,0,HomoSapiens,TRB,CMV,TRBV4-3,TRBJ1-1,IBM7:Blood,2,9,SPQ%NTE,,2.70E-15,2,7,6.00E-12,0.32,0.001,0.022,0.001,0.00086,global-SPQ%NTE,CASSPqrNTEAFF,TRBV4-3,TRBJ1-1,IBM7:Blood,25462,A*01:01:01/A*03:01:01,B*08:01:01/B*35:01:01,C*07:01:01/C*07:02:01,-,DPB1*04:01:01/DPB1*04:01:01,DQA1*01:01:01/DQA1*05:01:01,DQB1*02:01:01/DQB1*05:01:01,DRB1*01:01:01/DRB1*03:01:01,DRB3*01:01:02,-,-
CASSPQRNTEAFF,TRB,HomoSapiens,TPRVTGGGAM,pp65,CMV,0,TRBV4-3,TRBJ1-1,4,7,HLA-B*07:02,B2M,MHCI,PMID:28636589,0,HomoSapiens,TRB,CMV,TRBV4-3,TRBJ1-1,IBM7:Blood,2,9,SPQ%NTE,,2.70E-15,2,7,6.00E-12,0.32,0.001,0.022,0.001,0.00086,global-SPQ%NTE,CASSPqrNTEAFF,TRBV4-3,TRBJ1-1,IBM7:Blood,2,A*01:01:01/A*03:01:01,B*08:01:01/B*35:01:01,C*07:01:01/C*07:02:01,-,DPB1*04:01:01/DPB1*04:01:01,DQA1*01:01:01/DQA1*05:01:01,DQB1*02:01:01/DQB1*05:01:01,DRB1*01:01:01/DRB1*03:01:01,DRB3*01:01:02,-,-
CASSPQRNTEAFF,TRB,HomoSapiens,TPRVTGGGAM,pp65,CMV,0,TRBV4-3,TRBJ1-1,4,7,HLA-B*07:02,B2M,MHCI,PMID:28636589,0,HomoSapiens,TRB,CMV,TRBV4-3,TRBJ1-1,IBM7:Blood,2,9,SPQ%NTE,,2.70E-15,2,7,6.00E-12,0.32,0.001,0.022,0.001,0.00086,global-SPQ%NTE,CASSPqrNTEAFF,TRBV4-3,TRBJ1-1,IBM5:Blood,1305,A*03:01:01/A*03:01:01,B*07:02:01/B*39:01:01,C*07:02:01/C*12:03:01,-,DPB1*02:01:02/DPB1*04:01:01,DQA1*01:02:01/DQA1*05:01:01,DQB1*02:01:01/DQB1*06:02:01,DRB1*03:01:01/DRB1*15:01:01,DRB3*01:01:02,-,DRB5*01:01:01
CASSPQRNTEAFF,TRB,HomoSapiens,RPHERNGFTVL,pp65,CMV,0,TRBV4-3,TRBJ1-1,4,7,HLA-B*07:02,B2M,MHCI,PMID:22323539,1,HomoSapiens,TRB,CMV,TRBV4-3,TRBJ1-1,IBM7:Blood,2,9,SPQ%NTE,,2.70E-15,2,7,6.00E-12,0.32,0.001,0.022,0.001,0.00086,global-SPQ%NTE,CASSPqrNTEAFF,TRBV4-3,TRBJ1-1,IBM7:Blood,25462,A*01:01:01/A*03:01:01,B*08:01:01/B*35:01:01,C*07:01:01/C*07:02:01,-,DPB1*04:01:01/DPB1*04:01:01,DQA1*01:01:01/DQA1*05:01:01,DQB1*02:01:01/DQB1*05:01:01,DRB1*01:01:01/DRB1*03:01:01,DRB3*01:01:02,-,-
CASSPQRNTEAFF,TRB,HomoSapiens,RPHERNGFTVL,pp65,CMV,0,TRBV4-3,TRBJ1-1,4,7,HLA-B*07:02,B2M,MHCI,PMID:22323539,1,HomoSapiens,TRB,CMV,TRBV4-3,TRBJ1-1,IBM7:Blood,2,9,SPQ%NTE,,2.70E-15,2,7,6.00E-12,0.32,0.001,0.022,0.001,0.00086,global-SPQ%NTE,CASSPqrNTEAFF,TRBV4-3,TRBJ1-1,IBM7:Blood,2,A*01:01:01/A*03:01:01,B*08:01:01/B*35:01:01,C*07:01:01/C*07:02:01,-,DPB1*04:01:01/DPB1*04:01:01,DQA1*01:01:01/DQA1*05:01:01,DQB1*02:01:01/DQB1*05:01:01,DRB1*01:01:01/DRB1*03:01:01,DRB3*01:01:02,-,-
CASSPQRNTEAFF,TRB,HomoSapiens,RPHERNGFTVL,pp65,CMV,0,TRBV4-3,TRBJ1-1,4,7,HLA-B*07:02,B2M,MHCI,PMID:22323539,1,HomoSapiens,TRB,CMV,TRBV4-3,TRBJ1-1,IBM7:Blood,2,9,SPQ%NTE,,2.70E-15,2,7,6.00E-12,0.32,0.001,0.022,0.001,0.00086,global-SPQ%NTE,CASSPqrNTEAFF,TRBV4-3,TRBJ1-1,IBM5:Blood,1305,A*03:01:01/A*03:01:01,B*07:02:01/B*39:01:01,C*07:02:01/C*12:03:01,-,DPB1*02:01:02/DPB1*04:01:01,DQA1*01:02:01/DQA1*05:01:01,DQB1*02:01:01/DQB1*06:02:01,DRB1*03:01:01/DRB1*15:01:01,DRB3*01:01:02,-,DRB5*01:01:01
CASSPQRNTEAFF,TRB,HomoSapiens,RPHERNGFTVL,pp65,CMV,0,TRBV4-3,TRBJ1-1,4,7,HLA-B*07:02,B2M,MHCI,PMID:22323539,1,HomoSapiens,TRB,CMV,TRBV4-3,TRBJ1-1,IBM7:Blood,25462,9,SPQ%NTE,,2.70E-15,2,7,6.00E-12,0.32,0.001,0.022,0.001,0.00086,global-SPQ%NTE,CASSPqrNTEAFF,TRBV4-3,TRBJ1-1,IBM7:Blood,25462,A*01:01:01/A*03:01:01,B*08:01:01/B*35:01:01,C*07:01:01/C*07:02:01,-,DPB1*04:01:01/DPB1*04:01:01,DQA1*01:01:01/DQA1*05:01:01,DQB1*02:01:01/DQB1*05:01:01,DRB1*01:01:01/DRB1*03:01:01,DRB3*01:01:02,-,-
CASSPQRNTEAFF,TRB,HomoSapiens,RPHERNGFTVL,pp65,CMV,0,TRBV4-3,TRBJ1-1,4,7,HLA-B*07:02,B2M,MHCI,PMID:22323539,1,HomoSapiens,TRB,CMV,TRBV4-3,TRBJ1-1,IBM7:Blood,25462,9,SPQ%NTE,,2.70E-15,2,7,6.00E-12,0.32,0.001,0.022,0.001,0.00086,global-SPQ%NTE,CASSPqrNTEAFF,TRBV4-3,TRBJ1-1,IBM7:Blood,2,A*01:01:01/A*03:01:01,B*08:01:01/B*35:01:01,C*07:01:01/C*07:02:01,-,DPB1*04:01:01/DPB1*04:01:01,DQA1*01:01:01/DQA1*05:01:01,DQB1*02:01:01/DQB1*05:01:01,DRB1*01:01:01/DRB1*03:01:01,DRB3*01:01:02,-,-
CASSPQRNTEAFF,TRB,HomoSapiens,RPHERNGFTVL,pp65,CMV,0,TRBV4-3,TRBJ1-1,4,7,HLA-B*07:02,B2M,MHCI,PMID:22323539,1,HomoSapiens,TRB,CMV,TRBV4-3,TRBJ1-1,IBM7:Blood,25462,9,SPQ%NTE,,2.70E-15,2,7,6.00E-12,0.32,0.001,0.022,0.001,0.00086,global-SPQ%NTE,CASSPqrNTEAFF,TRBV4-3,TRBJ1-1,IBM5:Blood,1305,A*03:01:01/A*03:01:01,B*07:02:01/B*39:01:01,C*07:02:01/C*12:03:01,-,DPB1*02:01:02/DPB1*04:01:01,DQA1*01:02:01/DQA1*05:01:01,DQB1*02:01:01/DQB1*06:02:01,DRB1*03:01:01/DRB1*15:01:01,DRB3*01:01:02,-,DRB5*01:01:01
CASSPQRNTEAFF,TRB,HomoSapiens,TPRVTGGGAM,pp65,CMV,0,TRBV4-3,TRBJ1-1,4,7,HLA-B*07:02,B2M,MHCI,PMID:28636589,0,HomoSapiens,TRB,CMV,TRBV4-3,TRBJ1-1,IBM7:Blood,25462,9,SPQ%NTE,,2.70E-15,2,7,6.00E-12,0.32,0.001,0.022,0.001,0.00086,global-SPQ%NTE,CASSPqrNTEAFF,TRBV4-3,TRBJ1-1,IBM7:Blood,25462,A*01:01:01/A*03:01:01,B*08:01:01/B*35:01:01,C*07:01:01/C*07:02:01,-,DPB1*04:01:01/DPB1*04:01:01,DQA1*01:01:01/DQA1*05:01:01,DQB1*02:01:01/DQB1*05:01:01,DRB1*01:01:01/DRB1*03:01:01,DRB3*01:01:02,-,-
CASSPQRNTEAFF,TRB,HomoSapiens,TPRVTGGGAM,pp65,CMV,0,TRBV4-3,TRBJ1-1,4,7,HLA-B*07:02,B2M,MHCI,PMID:28636589,0,HomoSapiens,TRB,CMV,TRBV4-3,TRBJ1-1,IBM7:Blood,25462,9,SPQ%NTE,,2.70E-15,2,7,6.00E-12,0.32,0.001,0.022,0.001,0.00086,global-SPQ%NTE,CASSPqrNTEAFF,TRBV4-3,TRBJ1-1,IBM7:Blood,2,A*01:01:01/A*03:01:01,B*08:01:01/B*35:01:01,C*07:01:01/C*07:02:01,-,DPB1*04:01:01/DPB1*04:01:01,DQA1*01:01:01/DQA1*05:01:01,DQB1*02:01:01/DQB1*05:01:01,DRB1*01:01:01/DRB1*03:01:01,DRB3*01:01:02,-,-
CASSPQRNTEAFF,TRB,HomoSapiens,TPRVTGGGAM,pp65,CMV,0,TRBV4-3,TRBJ1-1,4,7,HLA-B*07:02,B2M,MHCI,PMID:28636589,0,HomoSapiens,TRB,CMV,TRBV4-3,TRBJ1-1,IBM7:Blood,25462,9,SPQ%NTE,,2.70E-15,2,7,6.00E-12,0.32,0.001,0.022,0.001,0.00086,global-SPQ%NTE,CASSPqrNTEAFF,TRBV4-3,TRBJ1-1,IBM5:Blood,1305,A*03:01:01/A*03:01:01,B*07:02:01/B*39:01:01,C*07:02:01/C*12:03:01,-,DPB1*02:01:02/DPB1*04:01:01,DQA1*01:02:01/DQA1*05:01:01,DQB1*02:01:01/DQB1*06:02:01,DRB1*03:01:01/DRB1*15:01:01,DRB3*01:01:02,-,DRB5*01:01:01
CASSPQRNTEAFF,TRB,HomoSapiens,TPRVTGGGAM,pp65,CMV,0,TRBV4-3,TRBJ1-1,4,7,HLA-B*07:02,B2M,MHCI,PMID:28636589,0,HomoSapiens,TRB,CMV,TRBV4-3,TRBJ1-1,IBM7:Blood,2,70,QRNT,,1.80E-07,3,4,5.00E-11,0.24,0.001,0.009,0.01,0.0023,motif-QRNT,CASSPqrNTEAFF,TRBV4-3,TRBJ1-1,IBM5:Blood,1305,A*03:01:01/A*03:01:01,B*07:02:01/B*39:01:01,C*07:02:01/C*12:03:01,-,DPB1*02:01:02/DPB1*04:01:01,DQA1*01:02:01/DQA1*05:01:01,DQB1*02:01:01/DQB1*06:02:01,DRB1*03:01:01/DRB1*15:01:01,DRB3*01:01:02,-,DRB5*01:01:01
CASSPQRNTEAFF,TRB,HomoSapiens,TPRVTGGGAM,pp65,CMV,0,TRBV4-3,TRBJ1-1,4,7,HLA-B*07:02,B2M,MHCI,PMID:28636589,0,HomoSapiens,TRB,CMV,TRBV4-3,TRBJ1-1,IBM7:Blood,2,70,QRNT,,1.80E-07,3,4,5.00E-11,0.24,0.001,0.009,0.01,0.0023,motif-QRNT,CASSPqrNTEAFF,TRBV4-3,TRBJ1-1,IBM7:Blood,2,A*01:01:01/A*03:01:01,B*08:01:01/B*35:01:01,C*07:01:01/C*07:02:01,-,DPB1*04:01:01/DPB1*04:01:01,DQA1*01:01:01/DQA1*05:01:01,DQB1*02:01:01/DQB1*05:01:01,DRB1*01:01:01/DRB1*03:01:01,DRB3*01:01:02,-,-
CASSPQRNTEAFF,TRB,HomoSapiens,TPRVTGGGAM,pp65,CMV,0,TRBV4-3,TRBJ1-1,4,7,HLA-B*07:02,B2M,MHCI,PMID:28636589,0,HomoSapiens,TRB,CMV,TRBV4-3,TRBJ1-1,IBM7:Blood,2,70,QRNT,,1.80E-07,3,4,5.00E-11,0.24,0.001,0.009,0.01,0.0023,motif-QRNT,CASSPqrNTEAFF,TRBV4-3,TRBJ1-1,IBM7:Blood,25462,A*01:01:01/A*03:01:01,B*08:01:01/B*35:01:01,C*07:01:01/C*07:02:01,-,DPB1*04:01:01/DPB1*04:01:01,DQA1*01:01:01/DQA1*05:01:01,DQB1*02:01:01/DQB1*05:01:01,DRB1*01:01:01/DRB1*03:01:01,DRB3*01:01:02,-,-
CASSPQRNTEAFF,TRB,HomoSapiens,RPHERNGFTVL,pp65,CMV,0,TRBV4-3,TRBJ1-1,4,7,HLA-B*07:02,B2M,MHCI,PMID:22323539,1,HomoSapiens,TRB,CMV,TRBV4-3,TRBJ1-1,IBM7:Blood,2,70,QRNT,,1.80E-07,3,4,5.00E-11,0.24,0.001,0.009,0.01,0.0023,motif-QRNT,CASSPqrNTEAFF,TRBV4-3,TRBJ1-1,IBM5:Blood,1305,A*03:01:01/A*03:01:01,B*07:02:01/B*39:01:01,C*07:02:01/C*12:03:01,-,DPB1*02:01:02/DPB1*04:01:01,DQA1*01:02:01/DQA1*05:01:01,DQB1*02:01:01/DQB1*06:02:01,DRB1*03:01:01/DRB1*15:01:01,DRB3*01:01:02,-,DRB5*01:01:01
CASSPQRNTEAFF,TRB,HomoSapiens,RPHERNGFTVL,pp65,CMV,0,TRBV4-3,TRBJ1-1,4,7,HLA-B*07:02,B2M,MHCI,PMID:22323539,1,HomoSapiens,TRB,CMV,TRBV4-3,TRBJ1-1,IBM7:Blood,2,70,QRNT,,1.80E-07,3,4,5.00E-11,0.24,0.001,0.009,0.01,0.0023,motif-QRNT,CASSPqrNTEAFF,TRBV4-3,TRBJ1-1,IBM7:Blood,2,A*01:01:01/A*03:01:01,B*08:01:01/B*35:01:01,C*07:01:01/C*07:02:01,-,DPB1*04:01:01/DPB1*04:01:01,DQA1*01:01:01/DQA1*05:01:01,DQB1*02:01:01/DQB1*05:01:01,DRB1*01:01:01/DRB1*03:01:01,DRB3*01:01:02,-,-
CASSPQRNTEAFF,TRB,HomoSapiens,RPHERNGFTVL,pp65,CMV,0,TRBV4-3,TRBJ1-1,4,7,HLA-B*07:02,B2M,MHCI,PMID:22323539,1,HomoSapiens,TRB,CMV,TRBV4-3,TRBJ1-1,IBM7:Blood,2,70,QRNT,,1.80E-07,3,4,5.00E-11,0.24,0.001,0.009,0.01,0.0023,motif-QRNT,CASSPqrNTEAFF,TRBV4-3,TRBJ1-1,IBM7:Blood,25462,A*01:01:01/A*03:01:01,B*08:01:01/B*35:01:01,C*07:01:01/C*07:02:01,-,DPB1*04:01:01/DPB1*04:01:01,DQA1*01:01:01/DQA1*05:01:01,DQB1*02:01:01/DQB1*05:01:01,DRB1*01:01:01/DRB1*03:01:01,DRB3*01:01:02,-,-
CASSPQRNTEAFF,TRB,HomoSapiens,RPHERNGFTVL,pp65,CMV,0,TRBV4-3,TRBJ1-1,4,7,HLA-B*07:02,B2M,MHCI,PMID:22323539,1,HomoSapiens,TRB,CMV,TRBV4-3,TRBJ1-1,IBM7:Blood,25462,70,QRNT,,1.80E-07,3,4,5.00E-11,0.24,0.001,0.009,0.01,0.0023,motif-QRNT,CASSPqrNTEAFF,TRBV4-3,TRBJ1-1,IBM5:Blood,1305,A*03:01:01/A*03:01:01,B*07:02:01/B*39:01:01,C*07:02:01/C*12:03:01,-,DPB1*02:01:02/DPB1*04:01:01,DQA1*01:02:01/DQA1*05:01:01,DQB1*02:01:01/DQB1*06:02:01,DRB1*03:01:01/DRB1*15:01:01,DRB3*01:01:02,-,DRB5*01:01:01
CASSPQRNTEAFF,TRB,HomoSapiens,RPHERNGFTVL,pp65,CMV,0,TRBV4-3,TRBJ1-1,4,7,HLA-B*07:02,B2M,MHCI,PMID:22323539,1,HomoSapiens,TRB,CMV,TRBV4-3,TRBJ1-1,IBM7:Blood,25462,70,QRNT,,1.80E-07,3,4,5.00E-11,0.24,0.001,0.009,0.01,0.0023,motif-QRNT,CASSPqrNTEAFF,TRBV4-3,TRBJ1-1,IBM7:Blood,2,A*01:01:01/A*03:01:01,B*08:01:01/B*35:01:01,C*07:01:01/C*07:02:01,-,DPB1*04:01:01/DPB1*04:01:01,DQA1*01:01:01/DQA1*05:01:01,DQB1*02:01:01/DQB1*05:01:01,DRB1*01:01:01/DRB1*03:01:01,DRB3*01:01:02,-,-
CASSPQRNTEAFF,TRB,HomoSapiens,RPHERNGFTVL,pp65,CMV,0,TRBV4-3,TRBJ1-1,4,7,HLA-B*07:02,B2M,MHCI,PMID:22323539,1,HomoSapiens,TRB,CMV,TRBV4-3,TRBJ1-1,IBM7:Blood,25462,70,QRNT,,1.80E-07,3,4,5.00E-11,0.24,0.001,0.009,0.01,0.0023,motif-QRNT,CASSPqrNTEAFF,TRBV4-3,TRBJ1-1,IBM7:Blood,25462,A*01:01:01/A*03:01:01,B*08:01:01/B*35:01:01,C*07:01:01/C*07:02:01,-,DPB1*04:01:01/DPB1*04:01:01,DQA1*01:01:01/DQA1*05:01:01,DQB1*02:01:01/DQB1*05:01:01,DRB1*01:01:01/DRB1*03:01:01,DRB3*01:01:02,-,-
CASSPQRNTEAFF,TRB,HomoSapiens,TPRVTGGGAM,pp65,CMV,0,TRBV4-3,TRBJ1-1,4,7,HLA-B*07:02,B2M,MHCI,PMID:28636589,0,HomoSapiens,TRB,CMV,TRBV4-3,TRBJ1-1,IBM7:Blood,25462,70,QRNT,,1.80E-07,3,4,5.00E-11,0.24,0.001,0.009,0.01,0.0023,motif-QRNT,CASSPqrNTEAFF,TRBV4-3,TRBJ1-1,IBM5:Blood,1305,A*03:01:01/A*03:01:01,B*07:02:01/B*39:01:01,C*07:02:01/C*12:03:01,-,DPB1*02:01:02/DPB1*04:01:01,DQA1*01:02:01/DQA1*05:01:01,DQB1*02:01:01/DQB1*06:02:01,DRB1*03:01:01/DRB1*15:01:01,DRB3*01:01:02,-,DRB5*01:01:01
CASSPQRNTEAFF,TRB,HomoSapiens,TPRVTGGGAM,pp65,CMV,0,TRBV4-3,TRBJ1-1,4,7,HLA-B*07:02,B2M,MHCI,PMID:28636589,0,HomoSapiens,TRB,CMV,TRBV4-3,TRBJ1-1,IBM7:Blood,25462,70,QRNT,,1.80E-07,3,4,5.00E-11,0.24,0.001,0.009,0.01,0.0023,motif-QRNT,CASSPqrNTEAFF,TRBV4-3,TRBJ1-1,IBM7:Blood,2,A*01:01:01/A*03:01:01,B*08:01:01/B*35:01:01,C*07:01:01/C*07:02:01,-,DPB1*04:01:01/DPB1*04:01:01,DQA1*01:01:01/DQA1*05:01:01,DQB1*02:01:01/DQB1*05:01:01,DRB1*01:01:01/DRB1*03:01:01,DRB3*01:01:02,-,-
CASSPQRNTEAFF,TRB,HomoSapiens,TPRVTGGGAM,pp65,CMV,0,TRBV4-3,TRBJ1-1,4,7,HLA-B*07:02,B2M,MHCI,PMID:28636589,0,HomoSapiens,TRB,CMV,TRBV4-3,TRBJ1-1,IBM7:Blood,25462,70,QRNT,,1.80E-07,3,4,5.00E-11,0.24,0.001,0.009,0.01,0.0023,motif-QRNT,CASSPqrNTEAFF,TRBV4-3,TRBJ1-1,IBM7:Blood,25462,A*01:01:01/A*03:01:01,B*08:01:01/B*35:01:01,C*07:01:01/C*07:02:01,-,DPB1*04:01:01/DPB1*04:01:01,DQA1*01:01:01/DQA1*05:01:01,DQB1*02:01:01/DQB1*05:01:01,DRB1*01:01:01/DRB1*03:01:01,DRB3*01:01:02,-,-
CASSPQRNTEAFF,TRB,HomoSapiens,TPRVTGGGAM,pp65,CMV,0,TRBV4-3,TRBJ1-1,4,7,HLA-B*07:02,B2M,MHCI,PMID:28636589,0,HomoSapiens,TRB,CMV,TRBV4-3,TRBJ1-1,IBM7:Blood,2,42,SPQR,,1.30E-09,2,5,6.50E-12,0.32,0.001,0.014,0.001,0.0015,motif-SPQR,CASSPqrNTEAFF,TRBV4-3,TRBJ1-1,IBM5:Blood,1305,A*03:01:01/A*03:01:01,B*07:02:01/B*39:01:01,C*07:02:01/C*12:03:01,-,DPB1*02:01:02/DPB1*04:01:01,DQA1*01:02:01/DQA1*05:01:01,DQB1*02:01:01/DQB1*06:02:01,DRB1*03:01:01/DRB1*15:01:01,DRB3*01:01:02,-,DRB5*01:01:01
CASSPQRNTEAFF,TRB,HomoSapiens,TPRVTGGGAM,pp65,CMV,0,TRBV4-3,TRBJ1-1,4,7,HLA-B*07:02,B2M,MHCI,PMID:28636589,0,HomoSapiens,TRB,CMV,TRBV4-3,TRBJ1-1,IBM7:Blood,2,42,SPQR,,1.30E-09,2,5,6.50E-12,0.32,0.001,0.014,0.001,0.0015,motif-SPQR,CASSPqrNTEAFF,TRBV4-3,TRBJ1-1,IBM7:Blood,25462,A*01:01:01/A*03:01:01,B*08:01:01/B*35:01:01,C*07:01:01/C*07:02:01,-,DPB1*04:01:01/DPB1*04:01:01,DQA1*01:01:01/DQA1*05:01:01,DQB1*02:01:01/DQB1*05:01:01,DRB1*01:01:01/DRB1*03:01:01,DRB3*01:01:02,-,-
CASSPQRNTEAFF,TRB,HomoSapiens,TPRVTGGGAM,pp65,CMV,0,TRBV4-3,TRBJ1-1,4,7,HLA-B*07:02,B2M,MHCI,PMID:28636589,0,HomoSapiens,TRB,CMV,TRBV4-3,TRBJ1-1,IBM7:Blood,2,42,SPQR,,1.30E-09,2,5,6.50E-12,0.32,0.001,0.014,0.001,0.0015,motif-SPQR,CASSPqrNTEAFF,TRBV4-3,TRBJ1-1,IBM7:Blood,2,A*01:01:01/A*03:01:01,B*08:01:01/B*35:01:01,C*07:01:01/C*07:02:01,-,DPB1*04:01:01/DPB1*04:01:01,DQA1*01:01:01/DQA1*05:01:01,DQB1*02:01:01/DQB1*05:01:01,DRB1*01:01:01/DRB1*03:01:01,DRB3*01:01:02,-,-
CASSPQRNTEAFF,TRB,HomoSapiens,RPHERNGFTVL,pp65,CMV,0,TRBV4-3,TRBJ1-1,4,7,HLA-B*07:02,B2M,MHCI,PMID:22323539,1,HomoSapiens,TRB,CMV,TRBV4-3,TRBJ1-1,IBM7:Blood,2,42,SPQR,,1.30E-09,2,5,6.50E-12,0.32,0.001,0.014,0.001,0.0015,motif-SPQR,CASSPqrNTEAFF,TRBV4-3,TRBJ1-1,IBM5:Blood,1305,A*03:01:01/A*03:01:01,B*07:02:01/B*39:01:01,C*07:02:01/C*12:03:01,-,DPB1*02:01:02/DPB1*04:01:01,DQA1*01:02:01/DQA1*05:01:01,DQB1*02:01:01/DQB1*06:02:01,DRB1*03:01:01/DRB1*15:01:01,DRB3*01:01:02,-,DRB5*01:01:01
CASSPQRNTEAFF,TRB,HomoSapiens,RPHERNGFTVL,pp65,CMV,0,TRBV4-3,TRBJ1-1,4,7,HLA-B*07:02,B2M,MHCI,PMID:22323539,1,HomoSapiens,TRB,CMV,TRBV4-3,TRBJ1-1,IBM7:Blood,2,42,SPQR,,1.30E-09,2,5,6.50E-12,0.32,0.001,0.014,0.001,0.0015,motif-SPQR,CASSPqrNTEAFF,TRBV4-3,TRBJ1-1,IBM7:Blood,25462,A*01:01:01/A*03:01:01,B*08:01:01/B*35:01:01,C*07:01:01/C*07:02:01,-,DPB1*04:01:01/DPB1*04:01:01,DQA1*01:01:01/DQA1*05:01:01,DQB1*02:01:01/DQB1*05:01:01,DRB1*01:01:01/DRB1*03:01:01,DRB3*01:01:02,-,-
CASSPQRNTEAFF,TRB,HomoSapiens,RPHERNGFTVL,pp65,CMV,0,TRBV4-3,TRBJ1-1,4,7,HLA-B*07:02,B2M,MHCI,PMID:22323539,1,HomoSapiens,TRB,CMV,TRBV4-3,TRBJ1-1,IBM7:Blood,2,42,SPQR,,1.30E-09,2,5,6.50E-12,0.32,0.001,0.014,0.001,0.0015,motif-SPQR,CASSPqrNTEAFF,TRBV4-3,TRBJ1-1,IBM7:Blood,2,A*01:01:01/A*03:01:01,B*08:01:01/B*35:01:01,C*07:01:01/C*07:02:01,-,DPB1*04:01:01/DPB1*04:01:01,DQA1*01:01:01/DQA1*05:01:01,DQB1*02:01:01/DQB1*05:01:01,DRB1*01:01:01/DRB1*03:01:01,DRB3*01:01:02,-,-
CASSPQRNTEAFF,TRB,HomoSapiens,RPHERNGFTVL,pp65,CMV,0,TRBV4-3,TRBJ1-1,4,7,HLA-B*07:02,B2M,MHCI,PMID:22323539,1,HomoSapiens,TRB,CMV,TRBV4-3,TRBJ1-1,IBM7:Blood,25462,42,SPQR,,1.30E-09,2,5,6.50E-12,0.32,0.001,0.014,0.001,0.0015,motif-SPQR,CASSPqrNTEAFF,TRBV4-3,TRBJ1-1,IBM5:Blood,1305,A*03:01:01/A*03:01:01,B*07:02:01/B*39:01:01,C*07:02:01/C*12:03:01,-,DPB1*02:01:02/DPB1*04:01:01,DQA1*01:02:01/DQA1*05:01:01,DQB1*02:01:01/DQB1*06:02:01,DRB1*03:01:01/DRB1*15:01:01,DRB3*01:01:02,-,DRB5*01:01:01
CASSPQRNTEAFF,TRB,HomoSapiens,RPHERNGFTVL,pp65,CMV,0,TRBV4-3,TRBJ1-1,4,7,HLA-B*07:02,B2M,MHCI,PMID:22323539,1,HomoSapiens,TRB,CMV,TRBV4-3,TRBJ1-1,IBM7:Blood,25462,42,SPQR,,1.30E-09,2,5,6.50E-12,0.32,0.001,0.014,0.001,0.0015,motif-SPQR,CASSPqrNTEAFF,TRBV4-3,TRBJ1-1,IBM7:Blood,25462,A*01:01:01/A*03:01:01,B*08:01:01/B*35:01:01,C*07:01:01/C*07:02:01,-,DPB1*04:01:01/DPB1*04:01:01,DQA1*01:01:01/DQA1*05:01:01,DQB1*02:01:01/DQB1*05:01:01,DRB1*01:01:01/DRB1*03:01:01,DRB3*01:01:02,-,-
CASSPQRNTEAFF,TRB,HomoSapiens,RPHERNGFTVL,pp65,CMV,0,TRBV4-3,TRBJ1-1,4,7,HLA-B*07:02,B2M,MHCI,PMID:22323539,1,HomoSapiens,TRB,CMV,TRBV4-3,TRBJ1-1,IBM7:Blood,25462,42,SPQR,,1.30E-09,2,5,6.50E-12,0.32,0.001,0.014,0.001,0.0015,motif-SPQR,CASSPqrNTEAFF,TRBV4-3,TRBJ1-1,IBM7:Blood,2,A*01:01:01/A*03:01:01,B*08:01:01/B*35:01:01,C*07:01:01/C*07:02:01,-,DPB1*04:01:01/DPB1*04:01:01,DQA1*01:01:01/DQA1*05:01:01,DQB1*02:01:01/DQB1*05:01:01,DRB1*01:01:01/DRB1*03:01:01,DRB3*01:01:02,-,-
CASSPQRNTEAFF,TRB,HomoSapiens,TPRVTGGGAM,pp65,CMV,0,TRBV4-3,TRBJ1-1,4,7,HLA-B*07:02,B2M,MHCI,PMID:28636589,0,HomoSapiens,TRB,CMV,TRBV4-3,TRBJ1-1,IBM7:Blood,25462,42,SPQR,,1.30E-09,2,5,6.50E-12,0.32,0.001,0.014,0.001,0.0015,motif-SPQR,CASSPqrNTEAFF,TRBV4-3,TRBJ1-1,IBM5:Blood,1305,A*03:01:01/A*03:01:01,B*07:02:01/B*39:01:01,C*07:02:01/C*12:03:01,-,DPB1*02:01:02/DPB1*04:01:01,DQA1*01:02:01/DQA1*05:01:01,DQB1*02:01:01/DQB1*06:02:01,DRB1*03:01:01/DRB1*15:01:01,DRB3*01:01:02,-,DRB5*01:01:01
CASSPQRNTEAFF,TRB,HomoSapiens,TPRVTGGGAM,pp65,CMV,0,TRBV4-3,TRBJ1-1,4,7,HLA-B*07:02,B2M,MHCI,PMID:28636589,0,HomoSapiens,TRB,CMV,TRBV4-3,TRBJ1-1,IBM7:Blood,25462,42,SPQR,,1.30E-09,2,5,6.50E-12,0.32,0.001,0.014,0.001,0.0015,motif-SPQR,CASSPqrNTEAFF,TRBV4-3,TRBJ1-1,IBM7:Blood,25462,A*01:01:01/A*03:01:01,B*08:01:01/B*35:01:01,C*07:01:01/C*07:02:01,-,DPB1*04:01:01/DPB1*04:01:01,DQA1*01:01:01/DQA1*05:01:01,DQB1*02:01:01/DQB1*05:01:01,DRB1*01:01:01/DRB1*03:01:01,DRB3*01:01:02,-,-
CASSPQRNTEAFF,TRB,HomoSapiens,TPRVTGGGAM,pp65,CMV,0,TRBV4-3,TRBJ1-1,4,7,HLA-B*07:02,B2M,MHCI,PMID:28636589,0,HomoSapiens,TRB,CMV,TRBV4-3,TRBJ1-1,IBM7:Blood,25462,42,SPQR,,1.30E-09,2,5,6.50E-12,0.32,0.001,0.014,0.001,0.0015,motif-SPQR,CASSPqrNTEAFF,TRBV4-3,TRBJ1-1,IBM7:Blood,2,A*01:01:01/A*03:01:01,B*08:01:01/B*35:01:01,C*07:01:01/C*07:02:01,-,DPB1*04:01:01/DPB1*04:01:01,DQA1*01:01:01/DQA1*05:01:01,DQB1*02:01:01/DQB1*05:01:01,DRB1*01:01:01/DRB1*03:01:01,DRB3*01:01:02,-,-
CASSPQRNTEAFF,TRB,HomoSapiens,TPRVTGGGAM,pp65,CMV,0,TRBV4-3,TRBJ1-1,4,7,HLA-B*07:02,B2M,MHCI,PMID:28636589,0,HomoSapiens,TRB,CMV,TRBV4-3,TRBJ1-1,IBM7:Blood,2,36,SPQR%TE,,6.20E-10,2,4,1.70E-11,0.32,0.001,0.023,0.001,0.0023,motif-SPQR global-SPQR%TE,CASSPqrNTEAFF,TRBV4-3,TRBJ1-1,IBM5:Blood,1305,A*03:01:01/A*03:01:01,B*07:02:01/B*39:01:01,C*07:02:01/C*12:03:01,-,DPB1*02:01:02/DPB1*04:01:01,DQA1*01:02:01/DQA1*05:01:01,DQB1*02:01:01/DQB1*06:02:01,DRB1*03:01:01/DRB1*15:01:01,DRB3*01:01:02,-,DRB5*01:01:01
CASSPQRNTEAFF,TRB,HomoSapiens,TPRVTGGGAM,pp65,CMV,0,TRBV4-3,TRBJ1-1,4,7,HLA-B*07:02,B2M,MHCI,PMID:28636589,0,HomoSapiens,TRB,CMV,TRBV4-3,TRBJ1-1,IBM7:Blood,2,36,SPQR%TE,,6.20E-10,2,4,1.70E-11,0.32,0.001,0.023,0.001,0.0023,motif-SPQR global-SPQR%TE,CASSPqrNTEAFF,TRBV4-3,TRBJ1-1,IBM7:Blood,2,A*01:01:01/A*03:01:01,B*08:01:01/B*35:01:01,C*07:01:01/C*07:02:01,-,DPB1*04:01:01/DPB1*04:01:01,DQA1*01:01:01/DQA1*05:01:01,DQB1*02:01:01/DQB1*05:01:01,DRB1*01:01:01/DRB1*03:01:01,DRB3*01:01:02,-,-
CASSPQRNTEAFF,TRB,HomoSapiens,TPRVTGGGAM,pp65,CMV,0,TRBV4-3,TRBJ1-1,4,7,HLA-B*07:02,B2M,MHCI,PMID:28636589,0,HomoSapiens,TRB,CMV,TRBV4-3,TRBJ1-1,IBM7:Blood,2,36,SPQR%TE,,6.20E-10,2,4,1.70E-11,0.32,0.001,0.023,0.001,0.0023,motif-SPQR global-SPQR%TE,CASSPqrNTEAFF,TRBV4-3,TRBJ1-1,IBM7:Blood,25462,A*01:01:01/A*03:01:01,B*08:01:01/B*35:01:01,C*07:01:01/C*07:02:01,-,DPB1*04:01:01/DPB1*04:01:01,DQA1*01:01:01/DQA1*05:01:01,DQB1*02:01:01/DQB1*05:01:01,DRB1*01:01:01/DRB1*03:01:01,DRB3*01:01:02,-,-
CASSPQRNTEAFF,TRB,HomoSapiens,RPHERNGFTVL,pp65,CMV,0,TRBV4-3,TRBJ1-1,4,7,HLA-B*07:02,B2M,MHCI,PMID:22323539,1,HomoSapiens,TRB,CMV,TRBV4-3,TRBJ1-1,IBM7:Blood,2,36,SPQR%TE,,6.20E-10,2,4,1.70E-11,0.32,0.001,0.023,0.001,0.0023,motif-SPQR global-SPQR%TE,CASSPqrNTEAFF,TRBV4-3,TRBJ1-1,IBM5:Blood,1305,A*03:01:01/A*03:01:01,B*07:02:01/B*39:01:01,C*07:02:01/C*12:03:01,-,DPB1*02:01:02/DPB1*04:01:01,DQA1*01:02:01/DQA1*05:01:01,DQB1*02:01:01/DQB1*06:02:01,DRB1*03:01:01/DRB1*15:01:01,DRB3*01:01:02,-,DRB5*01:01:01
CASSPQRNTEAFF,TRB,HomoSapiens,RPHERNGFTVL,pp65,CMV,0,TRBV4-3,TRBJ1-1,4,7,HLA-B*07:02,B2M,MHCI,PMID:22323539,1,HomoSapiens,TRB,CMV,TRBV4-3,TRBJ1-1,IBM7:Blood,2,36,SPQR%TE,,6.20E-10,2,4,1.70E-11,0.32,0.001,0.023,0.001,0.0023,motif-SPQR global-SPQR%TE,CASSPqrNTEAFF,TRBV4-3,TRBJ1-1,IBM7:Blood,2,A*01:01:01/A*03:01:01,B*08:01:01/B*35:01:01,C*07:01:01/C*07:02:01,-,DPB1*04:01:01/DPB1*04:01:01,DQA1*01:01:01/DQA1*05:01:01,DQB1*02:01:01/DQB1*05:01:01,DRB1*01:01:01/DRB1*03:01:01,DRB3*01:01:02,-,-
CASSPQRNTEAFF,TRB,HomoSapiens,RPHERNGFTVL,pp65,CMV,0,TRBV4-3,TRBJ1-1,4,7,HLA-B*07:02,B2M,MHCI,PMID:22323539,1,HomoSapiens,TRB,CMV,TRBV4-3,TRBJ1-1,IBM7:Blood,2,36,SPQR%TE,,6.20E-10,2,4,1.70E-11,0.32,0.001,0.023,0.001,0.0023,motif-SPQR global-SPQR%TE,CASSPqrNTEAFF,TRBV4-3,TRBJ1-1,IBM7:Blood,25462,A*01:01:01/A*03:01:01,B*08:01:01/B*35:01:01,C*07:01:01/C*07:02:01,-,DPB1*04:01:01/DPB1*04:01:01,DQA1*01:01:01/DQA1*05:01:01,DQB1*02:01:01/DQB1*05:01:01,DRB1*01:01:01/DRB1*03:01:01,DRB3*01:01:02,-,-
CASSPQRNTEAFF,TRB,HomoSapiens,RPHERNGFTVL,pp65,CMV,0,TRBV4-3,TRBJ1-1,4,7,HLA-B*07:02,B2M,MHCI,PMID:22323539,1,HomoSapiens,TRB,CMV,TRBV4-3,TRBJ1-1,IBM7:Blood,25462,36,SPQR%TE,,6.20E-10,2,4,1.70E-11,0.32,0.001,0.023,0.001,0.0023,motif-SPQR global-SPQR%TE,CASSPqrNTEAFF,TRBV4-3,TRBJ1-1,IBM5:Blood,1305,A*03:01:01/A*03:01:01,B*07:02:01/B*39:01:01,C*07:02:01/C*12:03:01,-,DPB1*02:01:02/DPB1*04:01:01,DQA1*01:02:01/DQA1*05:01:01,DQB1*02:01:01/DQB1*06:02:01,DRB1*03:01:01/DRB1*15:01:01,DRB3*01:01:02,-,DRB5*01:01:01
CASSPQRNTEAFF,TRB,HomoSapiens,RPHERNGFTVL,pp65,CMV,0,TRBV4-3,TRBJ1-1,4,7,HLA-B*07:02,B2M,MHCI,PMID:22323539,1,HomoSapiens,TRB,CMV,TRBV4-3,TRBJ1-1,IBM7:Blood,25462,36,SPQR%TE,,6.20E-10,2,4,1.70E-11,0.32,0.001,0.023,0.001,0.0023,motif-SPQR global-SPQR%TE,CASSPqrNTEAFF,TRBV4-3,TRBJ1-1,IBM7:Blood,2,A*01:01:01/A*03:01:01,B*08:01:01/B*35:01:01,C*07:01:01/C*07:02:01,-,DPB1*04:01:01/DPB1*04:01:01,DQA1*01:01:01/DQA1*05:01:01,DQB1*02:01:01/DQB1*05:01:01,DRB1*01:01:01/DRB1*03:01:01,DRB3*01:01:02,-,-
CASSPQRNTEAFF,TRB,HomoSapiens,RPHERNGFTVL,pp65,CMV,0,TRBV4-3,TRBJ1-1,4,7,HLA-B*07:02,B2M,MHCI,PMID:22323539,1,HomoSapiens,TRB,CMV,TRBV4-3,TRBJ1-1,IBM7:Blood,25462,36,SPQR%TE,,6.20E-10,2,4,1.70E-11,0.32,0.001,0.023,0.001,0.0023,motif-SPQR global-SPQR%TE,CASSPqrNTEAFF,TRBV4-3,TRBJ1-1,IBM7:Blood,25462,A*01:01:01/A*03:01:01,B*08:01:01/B*35:01:01,C*07:01:01/C*07:02:01,-,DPB1*04:01:01/DPB1*04:01:01,DQA1*01:01:01/DQA1*05:01:01,DQB1*02:01:01/DQB1*05:01:01,DRB1*01:01:01/DRB1*03:01:01,DRB3*01:01:02,-,-
CASSPQRNTEAFF,TRB,HomoSapiens,TPRVTGGGAM,pp65,CMV,0,TRBV4-3,TRBJ1-1,4,7,HLA-B*07:02,B2M,MHCI,PMID:28636589,0,HomoSapiens,TRB,CMV,TRBV4-3,TRBJ1-1,IBM7:Blood,25462,36,SPQR%TE,,6.20E-10,2,4,1.70E-11,0.32,0.001,0.023,0.001,0.0023,motif-SPQR global-SPQR%TE,CASSPqrNTEAFF,TRBV4-3,TRBJ1-1,IBM5:Blood,1305,A*03:01:01/A*03:01:01,B*07:02:01/B*39:01:01,C*07:02:01/C*12:03:01,-,DPB1*02:01:02/DPB1*04:01:01,DQA1*01:02:01/DQA1*05:01:01,DQB1*02:01:01/DQB1*06:02:01,DRB1*03:01:01/DRB1*15:01:01,DRB3*01:01:02,-,DRB5*01:01:01
CASSPQRNTEAFF,TRB,HomoSapiens,TPRVTGGGAM,pp65,CMV,0,TRBV4-3,TRBJ1-1,4,7,HLA-B*07:02,B2M,MHCI,PMID:28636589,0,HomoSapiens,TRB,CMV,TRBV4-3,TRBJ1-1,IBM7:Blood,25462,36,SPQR%TE,,6.20E-10,2,4,1.70E-11,0.32,0.001,0.023,0.001,0.0023,motif-SPQR global-SPQR%TE,CASSPqrNTEAFF,TRBV4-3,TRBJ1-1,IBM7:Blood,2,A*01:01:01/A*03:01:01,B*08:01:01/B*35:01:01,C*07:01:01/C*07:02:01,-,DPB1*04:01:01/DPB1*04:01:01,DQA1*01:01:01/DQA1*05:01:01,DQB1*02:01:01/DQB1*05:01:01,DRB1*01:01:01/DRB1*03:01:01,DRB3*01:01:02,-,-
CASSPQRNTEAFF,TRB,HomoSapiens,TPRVTGGGAM,pp65,CMV,0,TRBV4-3,TRBJ1-1,4,7,HLA-B*07:02,B2M,MHCI,PMID:28636589,0,HomoSapiens,TRB,CMV,TRBV4-3,TRBJ1-1,IBM7:Blood,25462,36,SPQR%TE,,6.20E-10,2,4,1.70E-11,0.32,0.001,0.023,0.001,0.0023,motif-SPQR global-SPQR%TE,CASSPqrNTEAFF,TRBV4-3,TRBJ1-1,IBM7:Blood,25462,A*01:01:01/A*03:01:01,B*08:01:01/B*35:01:01,C*07:01:01/C*07:02:01,-,DPB1*04:01:01/DPB1*04:01:01,DQA1*01:01:01/DQA1*05:01:01,DQB1*02:01:01/DQB1*05:01:01,DRB1*01:01:01/DRB1*03:01:01,DRB3*01:01:02,-,-
CASSPQRNTEAFF,TRB,HomoSapiens,TPRVTGGGAM,pp65,CMV,0,TRBV4-3,TRBJ1-1,4,7,HLA-B*07:02,B2M,MHCI,PMID:28636589,0,HomoSapiens,TRB,CMV,TRBV4-3,TRBJ1-1,IBM7:Blood,2,31,SPQRN%E,,6.20E-10,2,4,1.10E-11,0.32,0.001,0.015,0.001,0.0023,motif-SPQR motif-PQRN global-SPQRN%E,CASSPqrNTEAFF,TRBV4-3,TRBJ1-1,IBM7:Blood,2,A*01:01:01/A*03:01:01,B*08:01:01/B*35:01:01,C*07:01:01/C*07:02:01,-,DPB1*04:01:01/DPB1*04:01:01,DQA1*01:01:01/DQA1*05:01:01,DQB1*02:01:01/DQB1*05:01:01,DRB1*01:01:01/DRB1*03:01:01,DRB3*01:01:02,-,-
CASSPQRNTEAFF,TRB,HomoSapiens,TPRVTGGGAM,pp65,CMV,0,TRBV4-3,TRBJ1-1,4,7,HLA-B*07:02,B2M,MHCI,PMID:28636589,0,HomoSapiens,TRB,CMV,TRBV4-3,TRBJ1-1,IBM7:Blood,2,44,PQRN,,2.30E-09,2,4,1.00E-11,0.32,0.001,0.014,0.001,0.0023,motif-SPQR motif-PQRN global-SPQRN%E,CASSPqrNTEAFF,TRBV4-3,TRBJ1-1,IBM7:Blood,2,A*01:01:01/A*03:01:01,B*08:01:01/B*35:01:01,C*07:01:01/C*07:02:01,-,DPB1*04:01:01/DPB1*04:01:01,DQA1*01:01:01/DQA1*05:01:01,DQB1*02:01:01/DQB1*05:01:01,DRB1*01:01:01/DRB1*03:01:01,DRB3*01:01:02,-,-
CASSPQRNTEAFF,TRB,HomoSapiens,TPRVTGGGAM,pp65,CMV,0,TRBV4-3,TRBJ1-1,4,7,HLA-B*07:02,B2M,MHCI,PMID:28636589,0,HomoSapiens,TRB,CMV,TRBV4-3,TRBJ1-1,IBM7:Blood,2,44,PQRN,,2.30E-09,2,4,1.00E-11,0.32,0.001,0.014,0.001,0.0023,motif-SPQR motif-PQRN global-SPQRN%E,CASSPqrNTEAFF,TRBV4-3,TRBJ1-1,IBM7:Blood,25462,A*01:01:01/A*03:01:01,B*08:01:01/B*35:01:01,C*07:01:01/C*07:02:01,-,DPB1*04:01:01/DPB1*04:01:01,DQA1*01:01:01/DQA1*05:01:01,DQB1*02:01:01/DQB1*05:01:01,DRB1*01:01:01/DRB1*03:01:01,DRB3*01:01:02,-,-
CASSPQRNTEAFF,TRB,HomoSapiens,TPRVTGGGAM,pp65,CMV,0,TRBV4-3,TRBJ1-1,4,7,HLA-B*07:02,B2M,MHCI,PMID:28636589,0,HomoSapiens,TRB,CMV,TRBV4-3,TRBJ1-1,IBM7:Blood,2,31,SPQRN%E,,6.20E-10,2,4,1.10E-11,0.32,0.001,0.015,0.001,0.0023,motif-SPQR motif-PQRN global-SPQRN%E,CASSPqrNTEAFF,TRBV4-3,TRBJ1-1,IBM5:Blood,1305,A*03:01:01/A*03:01:01,B*07:02:01/B*39:01:01,C*07:02:01/C*12:03:01,-,DPB1*02:01:02/DPB1*04:01:01,DQA1*01:02:01/DQA1*05:01:01,DQB1*02:01:01/DQB1*06:02:01,DRB1*03:01:01/DRB1*15:01:01,DRB3*01:01:02,-,DRB5*01:01:01
CASSPQRNTEAFF,TRB,HomoSapiens,TPRVTGGGAM,pp65,CMV,0,TRBV4-3,TRBJ1-1,4,7,HLA-B*07:02,B2M,MHCI,PMID:28636589,0,HomoSapiens,TRB,CMV,TRBV4-3,TRBJ1-1,IBM7:Blood,2,31,SPQRN%E,,6.20E-10,2,4,1.10E-11,0.32,0.001,0.015,0.001,0.0023,motif-SPQR motif-PQRN global-SPQRN%E,CASSPqrNTEAFF,TRBV4-3,TRBJ1-1,IBM7:Blood,25462,A*01:01:01/A*03:01:01,B*08:01:01/B*35:01:01,C*07:01:01/C*07:02:01,-,DPB1*04:01:01/DPB1*04:01:01,DQA1*01:01:01/DQA1*05:01:01,DQB1*02:01:01/DQB1*05:01:01,DRB1*01:01:01/DRB1*03:01:01,DRB3*01:01:02,-,-
CASSPQRNTEAFF,TRB,HomoSapiens,TPRVTGGGAM,pp65,CMV,0,TRBV4-3,TRBJ1-1,4,7,HLA-B*07:02,B2M,MHCI,PMID:28636589,0,HomoSapiens,TRB,CMV,TRBV4-3,TRBJ1-1,IBM7:Blood,2,44,PQRN,,2.30E-09,2,4,1.00E-11,0.32,0.001,0.014,0.001,0.0023,motif-SPQR motif-PQRN global-SPQRN%E,CASSPqrNTEAFF,TRBV4-3,TRBJ1-1,IBM5:Blood,1305,A*03:01:01/A*03:01:01,B*07:02:01/B*39:01:01,C*07:02:01/C*12:03:01,-,DPB1*02:01:02/DPB1*04:01:01,DQA1*01:02:01/DQA1*05:01:01,DQB1*02:01:01/DQB1*06:02:01,DRB1*03:01:01/DRB1*15:01:01,DRB3*01:01:02,-,DRB5*01:01:01
CASSPQRNTEAFF,TRB,HomoSapiens,RPHERNGFTVL,pp65,CMV,0,TRBV4-3,TRBJ1-1,4,7,HLA-B*07:02,B2M,MHCI,PMID:22323539,1,HomoSapiens,TRB,CMV,TRBV4-3,TRBJ1-1,IBM7:Blood,2,31,SPQRN%E,,6.20E-10,2,4,1.10E-11,0.32,0.001,0.015,0.001,0.0023,motif-SPQR motif-PQRN global-SPQRN%E,CASSPqrNTEAFF,TRBV4-3,TRBJ1-1,IBM7:Blood,2,A*01:01:01/A*03:01:01,B*08:01:01/B*35:01:01,C*07:01:01/C*07:02:01,-,DPB1*04:01:01/DPB1*04:01:01,DQA1*01:01:01/DQA1*05:01:01,DQB1*02:01:01/DQB1*05:01:01,DRB1*01:01:01/DRB1*03:01:01,DRB3*01:01:02,-,-
CASSPQRNTEAFF,TRB,HomoSapiens,RPHERNGFTVL,pp65,CMV,0,TRBV4-3,TRBJ1-1,4,7,HLA-B*07:02,B2M,MHCI,PMID:22323539,1,HomoSapiens,TRB,CMV,TRBV4-3,TRBJ1-1,IBM7:Blood,2,44,PQRN,,2.30E-09,2,4,1.00E-11,0.32,0.001,0.014,0.001,0.0023,motif-SPQR motif-PQRN global-SPQRN%E,CASSPqrNTEAFF,TRBV4-3,TRBJ1-1,IBM7:Blood,2,A*01:01:01/A*03:01:01,B*08:01:01/B*35:01:01,C*07:01:01/C*07:02:01,-,DPB1*04:01:01/DPB1*04:01:01,DQA1*01:01:01/DQA1*05:01:01,DQB1*02:01:01/DQB1*05:01:01,DRB1*01:01:01/DRB1*03:01:01,DRB3*01:01:02,-,-
CASSPQRNTEAFF,TRB,HomoSapiens,RPHERNGFTVL,pp65,CMV,0,TRBV4-3,TRBJ1-1,4,7,HLA-B*07:02,B2M,MHCI,PMID:22323539,1,HomoSapiens,TRB,CMV,TRBV4-3,TRBJ1-1,IBM7:Blood,2,44,PQRN,,2.30E-09,2,4,1.00E-11,0.32,0.001,0.014,0.001,0.0023,motif-SPQR motif-PQRN global-SPQRN%E,CASSPqrNTEAFF,TRBV4-3,TRBJ1-1,IBM7:Blood,25462,A*01:01:01/A*03:01:01,B*08:01:01/B*35:01:01,C*07:01:01/C*07:02:01,-,DPB1*04:01:01/DPB1*04:01:01,DQA1*01:01:01/DQA1*05:01:01,DQB1*02:01:01/DQB1*05:01:01,DRB1*01:01:01/DRB1*03:01:01,DRB3*01:01:02,-,-
CASSPQRNTEAFF,TRB,HomoSapiens,RPHERNGFTVL,pp65,CMV,0,TRBV4-3,TRBJ1-1,4,7,HLA-B*07:02,B2M,MHCI,PMID:22323539,1,HomoSapiens,TRB,CMV,TRBV4-3,TRBJ1-1,IBM7:Blood,2,31,SPQRN%E,,6.20E-10,2,4,1.10E-11,0.32,0.001,0.015,0.001,0.0023,motif-SPQR motif-PQRN global-SPQRN%E,CASSPqrNTEAFF,TRBV4-3,TRBJ1-1,IBM5:Blood,1305,A*03:01:01/A*03:01:01,B*07:02:01/B*39:01:01,C*07:02:01/C*12:03:01,-,DPB1*02:01:02/DPB1*04:01:01,DQA1*01:02:01/DQA1*05:01:01,DQB1*02:01:01/DQB1*06:02:01,DRB1*03:01:01/DRB1*15:01:01,DRB3*01:01:02,-,DRB5*01:01:01
CASSPQRNTEAFF,TRB,HomoSapiens,RPHERNGFTVL,pp65,CMV,0,TRBV4-3,TRBJ1-1,4,7,HLA-B*07:02,B2M,MHCI,PMID:22323539,1,HomoSapiens,TRB,CMV,TRBV4-3,TRBJ1-1,IBM7:Blood,2,31,SPQRN%E,,6.20E-10,2,4,1.10E-11,0.32,0.001,0.015,0.001,0.0023,motif-SPQR motif-PQRN global-SPQRN%E,CASSPqrNTEAFF,TRBV4-3,TRBJ1-1,IBM7:Blood,25462,A*01:01:01/A*03:01:01,B*08:01:01/B*35:01:01,C*07:01:01/C*07:02:01,-,DPB1*04:01:01/DPB1*04:01:01,DQA1*01:01:01/DQA1*05:01:01,DQB1*02:01:01/DQB1*05:01:01,DRB1*01:01:01/DRB1*03:01:01,DRB3*01:01:02,-,-
CASSPQRNTEAFF,TRB,HomoSapiens,RPHERNGFTVL,pp65,CMV,0,TRBV4-3,TRBJ1-1,4,7,HLA-B*07:02,B2M,MHCI,PMID:22323539,1,HomoSapiens,TRB,CMV,TRBV4-3,TRBJ1-1,IBM7:Blood,2,44,PQRN,,2.30E-09,2,4,1.00E-11,0.32,0.001,0.014,0.001,0.0023,motif-SPQR motif-PQRN global-SPQRN%E,CASSPqrNTEAFF,TRBV4-3,TRBJ1-1,IBM5:Blood,1305,A*03:01:01/A*03:01:01,B*07:02:01/B*39:01:01,C*07:02:01/C*12:03:01,-,DPB1*02:01:02/DPB1*04:01:01,DQA1*01:02:01/DQA1*05:01:01,DQB1*02:01:01/DQB1*06:02:01,DRB1*03:01:01/DRB1*15:01:01,DRB3*01:01:02,-,DRB5*01:01:01
CASSPQRNTEAFF,TRB,HomoSapiens,RPHERNGFTVL,pp65,CMV,0,TRBV4-3,TRBJ1-1,4,7,HLA-B*07:02,B2M,MHCI,PMID:22323539,1,HomoSapiens,TRB,CMV,TRBV4-3,TRBJ1-1,IBM7:Blood,25462,31,SPQRN%E,,6.20E-10,2,4,1.10E-11,0.32,0.001,0.015,0.001,0.0023,motif-SPQR motif-PQRN global-SPQRN%E,CASSPqrNTEAFF,TRBV4-3,TRBJ1-1,IBM7:Blood,2,A*01:01:01/A*03:01:01,B*08:01:01/B*35:01:01,C*07:01:01/C*07:02:01,-,DPB1*04:01:01/DPB1*04:01:01,DQA1*01:01:01/DQA1*05:01:01,DQB1*02:01:01/DQB1*05:01:01,DRB1*01:01:01/DRB1*03:01:01,DRB3*01:01:02,-,-
CASSPQRNTEAFF,TRB,HomoSapiens,RPHERNGFTVL,pp65,CMV,0,TRBV4-3,TRBJ1-1,4,7,HLA-B*07:02,B2M,MHCI,PMID:22323539,1,HomoSapiens,TRB,CMV,TRBV4-3,TRBJ1-1,IBM7:Blood,25462,44,PQRN,,2.30E-09,2,4,1.00E-11,0.32,0.001,0.014,0.001,0.0023,motif-SPQR motif-PQRN global-SPQRN%E,CASSPqrNTEAFF,TRBV4-3,TRBJ1-1,IBM7:Blood,2,A*01:01:01/A*03:01:01,B*08:01:01/B*35:01:01,C*07:01:01/C*07:02:01,-,DPB1*04:01:01/DPB1*04:01:01,DQA1*01:01:01/DQA1*05:01:01,DQB1*02:01:01/DQB1*05:01:01,DRB1*01:01:01/DRB1*03:01:01,DRB3*01:01:02,-,-
CASSPQRNTEAFF,TRB,HomoSapiens,RPHERNGFTVL,pp65,CMV,0,TRBV4-3,TRBJ1-1,4,7,HLA-B*07:02,B2M,MHCI,PMID:22323539,1,HomoSapiens,TRB,CMV,TRBV4-3,TRBJ1-1,IBM7:Blood,25462,44,PQRN,,2.30E-09,2,4,1.00E-11,0.32,0.001,0.014,0.001,0.0023,motif-SPQR motif-PQRN global-SPQRN%E,CASSPqrNTEAFF,TRBV4-3,TRBJ1-1,IBM7:Blood,25462,A*01:01:01/A*03:01:01,B*08:01:01/B*35:01:01,C*07:01:01/C*07:02:01,-,DPB1*04:01:01/DPB1*04:01:01,DQA1*01:01:01/DQA1*05:01:01,DQB1*02:01:01/DQB1*05:01:01,DRB1*01:01:01/DRB1*03:01:01,DRB3*01:01:02,-,-
CASSPQRNTEAFF,TRB,HomoSapiens,RPHERNGFTVL,pp65,CMV,0,TRBV4-3,TRBJ1-1,4,7,HLA-B*07:02,B2M,MHCI,PMID:22323539,1,HomoSapiens,TRB,CMV,TRBV4-3,TRBJ1-1,IBM7:Blood,25462,31,SPQRN%E,,6.20E-10,2,4,1.10E-11,0.32,0.001,0.015,0.001,0.0023,motif-SPQR motif-PQRN global-SPQRN%E,CASSPqrNTEAFF,TRBV4-3,TRBJ1-1,IBM5:Blood,1305,A*03:01:01/A*03:01:01,B*07:02:01/B*39:01:01,C*07:02:01/C*12:03:01,-,DPB1*02:01:02/DPB1*04:01:01,DQA1*01:02:01/DQA1*05:01:01,DQB1*02:01:01/DQB1*06:02:01,DRB1*03:01:01/DRB1*15:01:01,DRB3*01:01:02,-,DRB5*01:01:01
CASSPQRNTEAFF,TRB,HomoSapiens,RPHERNGFTVL,pp65,CMV,0,TRBV4-3,TRBJ1-1,4,7,HLA-B*07:02,B2M,MHCI,PMID:22323539,1,HomoSapiens,TRB,CMV,TRBV4-3,TRBJ1-1,IBM7:Blood,25462,31,SPQRN%E,,6.20E-10,2,4,1.10E-11,0.32,0.001,0.015,0.001,0.0023,motif-SPQR motif-PQRN global-SPQRN%E,CASSPqrNTEAFF,TRBV4-3,TRBJ1-1,IBM7:Blood,25462,A*01:01:01/A*03:01:01,B*08:01:01/B*35:01:01,C*07:01:01/C*07:02:01,-,DPB1*04:01:01/DPB1*04:01:01,DQA1*01:01:01/DQA1*05:01:01,DQB1*02:01:01/DQB1*05:01:01,DRB1*01:01:01/DRB1*03:01:01,DRB3*01:01:02,-,-
CASSPQRNTEAFF,TRB,HomoSapiens,RPHERNGFTVL,pp65,CMV,0,TRBV4-3,TRBJ1-1,4,7,HLA-B*07:02,B2M,MHCI,PMID:22323539,1,HomoSapiens,TRB,CMV,TRBV4-3,TRBJ1-1,IBM7:Blood,25462,44,PQRN,,2.30E-09,2,4,1.00E-11,0.32,0.001,0.014,0.001,0.0023,motif-SPQR motif-PQRN global-SPQRN%E,CASSPqrNTEAFF,TRBV4-3,TRBJ1-1,IBM5:Blood,1305,A*03:01:01/A*03:01:01,B*07:02:01/B*39:01:01,C*07:02:01/C*12:03:01,-,DPB1*02:01:02/DPB1*04:01:01,DQA1*01:02:01/DQA1*05:01:01,DQB1*02:01:01/DQB1*06:02:01,DRB1*03:01:01/DRB1*15:01:01,DRB3*01:01:02,-,DRB5*01:01:01
CASSPQRNTEAFF,TRB,HomoSapiens,TPRVTGGGAM,pp65,CMV,0,TRBV4-3,TRBJ1-1,4,7,HLA-B*07:02,B2M,MHCI,PMID:28636589,0,HomoSapiens,TRB,CMV,TRBV4-3,TRBJ1-1,IBM7:Blood,25462,31,SPQRN%E,PQRN,6.20E-10,2,4,1.10E-11,0.32,0.001,0.015,0.001,0.0023,motif-SPQR motif-PQRN global-SPQRN%E,CASSPqrNTEAFF,TRBV4-3,TRBJ1-1,IBM7:Blood,2,A*01:01:01/A*03:01:01,B*08:01:01/B*35:01:01,C*07:01:01/C*07:02:01,-,DPB1*04:01:01/DPB1*04:01:01,DQA1*01:01:01/DQA1*05:01:01,DQB1*02:01:01/DQB1*05:01:01,DRB1*01:01:01/DRB1*03:01:01,DRB3*01:01:02,-,-
CASSPGWGNTEAFF,TRB,HomoSapiens,RLRPGGKKK,Gag,HIV-1,0,TRBV5-6,TRBJ1-1,4,9,HLA-A*03:01,B2M,MHCI,PMID:17893201,1,HomoSapiens,TRB,HIV-1,TRBV4-3,TRBJ1-1,IBM8:Blood,2,436,single,,1,2,1,7.00E-08,0.091,0.001,0.81,0.001,0.95,global-SPGWGNTE,CASSPgwgNTEAFF,TRBV4-3,TRBJ1-1,IBM8:Blood,2,A*02:01:01/A*03:01:01,B*07:02:01/B*14:02:01,C*08:02:01/C*14:02:01!,-,DPB1*04:01:01/DPB1*04:02:01,DQA1*01:01:01/DQA1*01:01:01,DQB1*05:01:01/DQB1*05:01:01,DRB1*01:01:01/DRB1*01:01:01,-,-,-
CASSPGWGNTEAFF,TRB,HomoSapiens,RLRPGGKKK,Gag,HIV-1,0,TRBV5-6,TRBJ1-1,4,9,HLA-A*03:01,B2M,MHCI,PMID:17893201,1,HomoSapiens,TRB,HIV-1,TRBV4-3,TRBJ1-1,IBM8:Blood,2,436,single,,1,2,1,7.00E-08,0.091,0.001,0.81,0.001,0.95,global-SPGWGNTE,CASSPgwgNTEAFF,TRBV4-3,TRBJ1-1,IBM11:Blood,112,A*02:01:01/A*02:01:01,B*44:02:01/B*51:01:01,C*05:01:01/C*14:02:01!,-,DPB1*02:01:02/DPB1*04:02:01,DQA1*01:01:01/DQA1*01:03:01,DQB1*05:01:01/DQB1*06:03:01,DRB1*01:01:01/DRB1*13:01:01,DRB3*02:02:01,-,-
